leaf_path,addition,autogluon_runtime_s,span_s,earliest_training_ts,latest_results_ts,n_training_logs,n_results_files,multi_day_gap,notes
0/headache/full_features/stacked_2xgb_meta_lr/70_15_15/chrono/HyperparameterTuned/pareto_AUROC_slope/auroc_max,0,,10519,2026-05-15T16:08:40,2026-05-15T19:03:59,2,1,False,
0/headache/full_features/stacked_2xgb_meta_lr/70_15_15/chrono/HyperparameterTuned/pareto_AUROC_slope/knee,0,,10045,2026-05-15T16:16:42,2026-05-15T19:04:07,1,1,False,
0/headache/full_features/stacked_2xgb_meta_lr/70_15_15/chrono/HyperparameterTuned/pareto_AUROC_slope/slope_closest,0,,10050,2026-05-15T16:16:44,2026-05-15T19:04:14,1,1,False,
0/headache/full_features/stacked_2xgb_meta_lr/70_15_15/chrono/HyperparameterTuned/single_AUROC/HP020,0,,11955,2026-05-15T15:45:07,2026-05-15T19:04:22,2,2,False,
0/headache/full_features/stacked_2xgb_meta_lr/70_15_15/chrono/HyperparameterTuned/single_AUROC/HP050,0,,9733,2026-05-15T16:22:16,2026-05-15T19:04:29,1,1,False,
0/headache/full_features/stacked_2xgb_meta_lr/70_15_15/chrono/HyperparameterTuned/single_AUROC/HP100,0,,9738,2026-05-15T16:22:18,2026-05-15T19:04:36,1,1,False,
0/headache/full_features/stacked_2xgb_meta_lr/70_15_15/chrono/HyperparameterTuned/single_AUROC/HP200,0,,9742,2026-05-15T16:22:21,2026-05-15T19:04:43,1,1,False,
0/headache/full_features/stacked_2xgb_meta_lr/70_15_15/chrono/HyperparameterTuned/single_AUROC/HP500,0,,9747,2026-05-15T16:22:23,2026-05-15T19:04:50,1,1,False,
0/headache/full_features/stacked_2xgb_meta_lr/70_15_15/chrono/NonHP,0,,860109,2026-05-13T00:07:25,2026-05-22T23:02:34,7,24,True,multi_day_gap
0/headache/full_features/stacked_2xgb_meta_lr/70_15_15/patient/HyperparameterTuned/pareto_AUROC_slope/auroc_max,0,,345,2026-05-22T17:37:48,2026-05-22T17:43:33,1,1,False,
0/headache/full_features/stacked_2xgb_meta_lr/70_15_15/patient/HyperparameterTuned/pareto_AUROC_slope/knee,0,,10,2026-05-22T17:43:33,2026-05-22T17:43:43,1,1,False,
0/headache/full_features/stacked_2xgb_meta_lr/70_15_15/patient/HyperparameterTuned/pareto_AUROC_slope/slope_closest,0,,9,2026-05-22T17:43:43,2026-05-22T17:43:52,1,1,False,
0/headache/full_features/stacked_2xgb_meta_lr/70_15_15/patient/HyperparameterTuned/single_AUROC/HP020,0,,326,2026-05-22T17:43:52,2026-05-22T17:49:18,1,1,False,
0/headache/full_features/stacked_2xgb_meta_lr/70_15_15/patient/HyperparameterTuned/single_AUROC/HP050,0,,9,2026-05-22T17:49:19,2026-05-22T17:49:28,1,1,False,
0/headache/full_features/stacked_2xgb_meta_lr/70_15_15/patient/HyperparameterTuned/single_AUROC/HP100,0,,9,2026-05-22T17:49:28,2026-05-22T17:49:37,1,1,False,
0/headache/full_features/stacked_2xgb_meta_lr/70_15_15/patient/HyperparameterTuned/single_AUROC/HP200,0,,8,2026-05-22T17:49:37,2026-05-22T17:49:45,1,1,False,
0/headache/full_features/stacked_2xgb_meta_lr/70_15_15/patient/HyperparameterTuned/single_AUROC/HP500,0,,9,2026-05-22T17:49:46,2026-05-22T17:49:55,1,1,False,
0/headache/full_features/stacked_2xgb_meta_lr/70_15_15/patient/NonHP,0,,9,2026-05-22T14:56:57,2026-05-22T14:57:06,1,1,False,
0/headache/full_features/stacked_2xgb_meta_lr/70_15_15/stratified/HyperparameterTuned/pareto_AUROC_slope/auroc_max,0,,9756,2026-05-15T16:22:28,2026-05-15T19:05:04,1,1,False,
0/headache/full_features/stacked_2xgb_meta_lr/70_15_15/stratified/HyperparameterTuned/pareto_AUROC_slope/knee,0,,9434,2026-05-15T16:27:57,2026-05-15T19:05:11,1,1,False,
0/headache/full_features/stacked_2xgb_meta_lr/70_15_15/stratified/HyperparameterTuned/pareto_AUROC_slope/slope_closest,0,,9438,2026-05-15T16:28:00,2026-05-15T19:05:18,1,1,False,
0/headache/full_features/stacked_2xgb_meta_lr/70_15_15/stratified/HyperparameterTuned/single_AUROC/HP020,0,,9444,2026-05-15T16:28:02,2026-05-15T19:05:26,1,1,False,
0/headache/full_features/stacked_2xgb_meta_lr/70_15_15/stratified/HyperparameterTuned/single_AUROC/HP050,0,,9118,2026-05-15T16:33:34,2026-05-15T19:05:32,1,1,False,
0/headache/full_features/stacked_2xgb_meta_lr/70_15_15/stratified/HyperparameterTuned/single_AUROC/HP100,0,,9124,2026-05-15T16:33:36,2026-05-15T19:05:40,1,1,False,
0/headache/full_features/stacked_2xgb_meta_lr/70_15_15/stratified/HyperparameterTuned/single_AUROC/HP200,0,,1046524,2026-05-15T16:33:38,2026-05-27T19:15:42,1,4,True,multi_day_gap
0/headache/full_features/stacked_2xgb_meta_lr/70_15_15/stratified/HyperparameterTuned/single_AUROC/HP500,0,,9133,2026-05-15T16:33:41,2026-05-15T19:05:54,1,1,False,
0/headache/full_features/stacked_2xgb_meta_lr/70_15_15/stratified/NonHP,0,,860127,2026-05-13T00:07:28,2026-05-22T23:02:55,3,8,True,multi_day_gap
0/headache/full_features/stacked_2xgb_meta_lr/70_30/chrono/HyperparameterTuned/pareto_AUROC_slope/auroc_max,0,,10828,2026-05-15T16:33:45,2026-05-15T19:34:13,1,1,False,
0/headache/full_features/stacked_2xgb_meta_lr/70_30/chrono/HyperparameterTuned/pareto_AUROC_slope/knee,0,,10495,2026-05-15T16:39:18,2026-05-15T19:34:13,1,1,False,
0/headache/full_features/stacked_2xgb_meta_lr/70_30/chrono/HyperparameterTuned/pareto_AUROC_slope/slope_closest,0,,10490,2026-05-15T16:39:21,2026-05-15T19:34:11,1,1,False,
0/headache/full_features/stacked_2xgb_meta_lr/70_30/chrono/HyperparameterTuned/single_AUROC/HP020,0,,1045456,2026-05-15T16:39:24,2026-05-27T19:03:40,1,5,True,multi_day_gap
0/headache/full_features/stacked_2xgb_meta_lr/70_30/chrono/HyperparameterTuned/single_AUROC/HP050,0,,10156,2026-05-15T16:44:57,2026-05-15T19:34:13,1,1,False,
0/headache/full_features/stacked_2xgb_meta_lr/70_30/chrono/HyperparameterTuned/single_AUROC/HP100,0,,10154,2026-05-15T16:45:00,2026-05-15T19:34:14,1,1,False,
0/headache/full_features/stacked_2xgb_meta_lr/70_30/chrono/HyperparameterTuned/single_AUROC/HP200,0,,10152,2026-05-15T16:45:02,2026-05-15T19:34:14,1,1,False,
0/headache/full_features/stacked_2xgb_meta_lr/70_30/chrono/HyperparameterTuned/single_AUROC/HP500,0,,10148,2026-05-15T16:45:05,2026-05-15T19:34:13,1,1,False,
0/headache/full_features/stacked_2xgb_meta_lr/70_30/chrono/NonHP,0,,242840,2026-05-13T00:07:30,2026-05-15T19:34:50,3,7,True,multi_day_gap
0/headache/full_features/stacked_2xgb_meta_lr/70_30/patient/HyperparameterTuned/pareto_AUROC_slope/auroc_max,0,,313,2026-05-22T17:49:55,2026-05-22T17:55:08,1,1,False,
0/headache/full_features/stacked_2xgb_meta_lr/70_30/patient/HyperparameterTuned/pareto_AUROC_slope/knee,0,,9,2026-05-22T17:55:09,2026-05-22T17:55:18,1,1,False,
0/headache/full_features/stacked_2xgb_meta_lr/70_30/patient/HyperparameterTuned/pareto_AUROC_slope/slope_closest,0,,10,2026-05-22T17:55:19,2026-05-22T17:55:29,1,1,False,
0/headache/full_features/stacked_2xgb_meta_lr/70_30/patient/HyperparameterTuned/single_AUROC/HP020,0,,323,2026-05-22T17:55:29,2026-05-22T18:00:52,1,1,False,
0/headache/full_features/stacked_2xgb_meta_lr/70_30/patient/HyperparameterTuned/single_AUROC/HP050,0,,10,2026-05-22T18:00:53,2026-05-22T18:01:03,1,1,False,
0/headache/full_features/stacked_2xgb_meta_lr/70_30/patient/HyperparameterTuned/single_AUROC/HP100,0,,10,2026-05-22T18:01:04,2026-05-22T18:01:14,1,1,False,
0/headache/full_features/stacked_2xgb_meta_lr/70_30/patient/HyperparameterTuned/single_AUROC/HP200,0,,9,2026-05-22T18:01:14,2026-05-22T18:01:23,1,1,False,
0/headache/full_features/stacked_2xgb_meta_lr/70_30/patient/HyperparameterTuned/single_AUROC/HP500,0,,10,2026-05-22T18:01:24,2026-05-22T18:01:34,1,1,False,
0/headache/full_features/stacked_2xgb_meta_lr/70_30/patient/NonHP,0,,11,2026-05-22T14:59:01,2026-05-22T14:59:12,1,1,False,
0/headache/full_features/stacked_2xgb_meta_lr/70_30/stratified/HyperparameterTuned/pareto_AUROC_slope/auroc_max,0,,10189,2026-05-15T16:45:09,2026-05-15T19:34:58,1,1,False,
0/headache/full_features/stacked_2xgb_meta_lr/70_30/stratified/HyperparameterTuned/pareto_AUROC_slope/knee,0,,9819,2026-05-15T16:51:20,2026-05-15T19:34:59,1,1,False,
0/headache/full_features/stacked_2xgb_meta_lr/70_30/stratified/HyperparameterTuned/pareto_AUROC_slope/slope_closest,0,,9815,2026-05-15T16:51:22,2026-05-15T19:34:57,1,1,False,
0/headache/full_features/stacked_2xgb_meta_lr/70_30/stratified/HyperparameterTuned/single_AUROC/HP020,0,,9816,2026-05-15T16:51:25,2026-05-15T19:35:01,1,1,False,
0/headache/full_features/stacked_2xgb_meta_lr/70_30/stratified/HyperparameterTuned/single_AUROC/HP050,0,,9485,2026-05-15T16:56:53,2026-05-15T19:34:58,1,1,False,
0/headache/full_features/stacked_2xgb_meta_lr/70_30/stratified/HyperparameterTuned/single_AUROC/HP100,0,,9483,2026-05-15T16:56:56,2026-05-15T19:34:59,1,1,False,
0/headache/full_features/stacked_2xgb_meta_lr/70_30/stratified/HyperparameterTuned/single_AUROC/HP200,0,,9480,2026-05-15T16:56:58,2026-05-15T19:34:58,1,1,False,
0/headache/full_features/stacked_2xgb_meta_lr/70_30/stratified/HyperparameterTuned/single_AUROC/HP500,0,,9506,2026-05-15T16:57:01,2026-05-15T19:35:27,1,1,False,
0/headache/full_features/stacked_2xgb_meta_lr/70_30/stratified/NonHP,0,,242894,2026-05-13T00:07:32,2026-05-15T19:35:46,3,6,True,multi_day_gap
0/headache/full_features/stacked_2xgb_meta_lr/80_20/chrono/HyperparameterTuned/pareto_AUROC_slope/auroc_max,0,,9506,2026-05-15T16:57:06,2026-05-15T19:35:32,1,1,False,
0/headache/full_features/stacked_2xgb_meta_lr/80_20/chrono/HyperparameterTuned/pareto_AUROC_slope/knee,0,,9169,2026-05-15T17:02:42,2026-05-15T19:35:31,1,1,False,
0/headache/full_features/stacked_2xgb_meta_lr/80_20/chrono/HyperparameterTuned/pareto_AUROC_slope/slope_closest,0,,9168,2026-05-15T17:02:44,2026-05-15T19:35:32,1,1,False,
0/headache/full_features/stacked_2xgb_meta_lr/80_20/chrono/HyperparameterTuned/single_AUROC/HP020,0,,9165,2026-05-15T17:02:47,2026-05-15T19:35:32,1,1,False,
0/headache/full_features/stacked_2xgb_meta_lr/80_20/chrono/HyperparameterTuned/single_AUROC/HP050,0,,8838,2026-05-15T17:08:14,2026-05-15T19:35:32,1,1,False,
0/headache/full_features/stacked_2xgb_meta_lr/80_20/chrono/HyperparameterTuned/single_AUROC/HP100,0,,8836,2026-05-15T17:08:17,2026-05-15T19:35:33,1,1,False,
0/headache/full_features/stacked_2xgb_meta_lr/80_20/chrono/HyperparameterTuned/single_AUROC/HP200,0,,8861,2026-05-15T17:08:19,2026-05-15T19:36:00,1,1,False,
0/headache/full_features/stacked_2xgb_meta_lr/80_20/chrono/HyperparameterTuned/single_AUROC/HP500,0,,8866,2026-05-15T17:08:22,2026-05-15T19:36:08,1,1,False,
0/headache/full_features/stacked_2xgb_meta_lr/80_20/chrono/NonHP,0,,242914,2026-05-13T00:07:35,2026-05-15T19:36:09,3,6,True,multi_day_gap
0/headache/full_features/stacked_2xgb_meta_lr/80_20/patient/HyperparameterTuned/pareto_AUROC_slope/auroc_max,0,,323,2026-05-22T18:01:34,2026-05-22T18:06:57,1,1,False,
0/headache/full_features/stacked_2xgb_meta_lr/80_20/patient/HyperparameterTuned/pareto_AUROC_slope/knee,0,,9,2026-05-22T18:06:58,2026-05-22T18:07:07,1,1,False,
0/headache/full_features/stacked_2xgb_meta_lr/80_20/patient/HyperparameterTuned/pareto_AUROC_slope/slope_closest,0,,9,2026-05-22T18:07:08,2026-05-22T18:07:17,1,1,False,
0/headache/full_features/stacked_2xgb_meta_lr/80_20/patient/HyperparameterTuned/single_AUROC/HP020,0,,436805,2026-05-22T18:07:18,2026-05-27T19:27:23,1,4,True,multi_day_gap
0/headache/full_features/stacked_2xgb_meta_lr/80_20/patient/HyperparameterTuned/single_AUROC/HP050,0,,10,2026-05-22T18:12:46,2026-05-22T18:12:56,1,1,False,
0/headache/full_features/stacked_2xgb_meta_lr/80_20/patient/HyperparameterTuned/single_AUROC/HP100,0,,10,2026-05-22T18:12:57,2026-05-22T18:13:07,1,1,False,
0/headache/full_features/stacked_2xgb_meta_lr/80_20/patient/HyperparameterTuned/single_AUROC/HP200,0,,10,2026-05-22T18:13:07,2026-05-22T18:13:17,1,1,False,
0/headache/full_features/stacked_2xgb_meta_lr/80_20/patient/HyperparameterTuned/single_AUROC/HP500,0,,10,2026-05-22T18:13:17,2026-05-22T18:13:27,1,1,False,
0/headache/full_features/stacked_2xgb_meta_lr/80_20/patient/NonHP,0,,11,2026-05-22T14:59:13,2026-05-22T14:59:24,1,1,False,
0/headache/full_features/stacked_2xgb_meta_lr/80_20/stratified/HyperparameterTuned/pareto_AUROC_slope/auroc_max,0,,8866,2026-05-15T17:08:26,2026-05-15T19:36:12,1,1,False,
0/headache/full_features/stacked_2xgb_meta_lr/80_20/stratified/HyperparameterTuned/pareto_AUROC_slope/knee,0,,8508,2026-05-15T17:14:23,2026-05-15T19:36:11,1,1,False,
0/headache/full_features/stacked_2xgb_meta_lr/80_20/stratified/HyperparameterTuned/pareto_AUROC_slope/slope_closest,0,,8505,2026-05-15T17:14:26,2026-05-15T19:36:11,1,1,False,
0/headache/full_features/stacked_2xgb_meta_lr/80_20/stratified/HyperparameterTuned/single_AUROC/HP020,0,,8505,2026-05-15T17:14:29,2026-05-15T19:36:14,1,1,False,
0/headache/full_features/stacked_2xgb_meta_lr/80_20/stratified/HyperparameterTuned/single_AUROC/HP050,0,,8189,2026-05-15T17:19:57,2026-05-15T19:36:26,1,1,False,
0/headache/full_features/stacked_2xgb_meta_lr/80_20/stratified/HyperparameterTuned/single_AUROC/HP100,0,,8200,2026-05-15T17:19:59,2026-05-15T19:36:39,1,1,False,
0/headache/full_features/stacked_2xgb_meta_lr/80_20/stratified/HyperparameterTuned/single_AUROC/HP200,0,,8208,2026-05-15T17:20:02,2026-05-15T19:36:50,1,1,False,
0/headache/full_features/stacked_2xgb_meta_lr/80_20/stratified/HyperparameterTuned/single_AUROC/HP500,0,,8207,2026-05-15T17:20:04,2026-05-15T19:36:51,1,1,False,
0/headache/full_features/stacked_2xgb_meta_lr/80_20/stratified/NonHP,0,,242958,2026-05-13T00:07:37,2026-05-15T19:36:55,4,6,True,multi_day_gap
0/headache/no_rolling_features/stacked_2xgb_meta_lr/70_15_15/chrono/NonHP,0,,860221,2026-05-13T00:07:39,2026-05-22T23:04:40,9,19,True,multi_day_gap
0/headache/no_rolling_features/stacked_2xgb_meta_lr/70_15_15/patient/NonHP,0,,11,2026-05-22T14:59:25,2026-05-22T14:59:36,1,1,False,
0/headache/no_rolling_features/stacked_2xgb_meta_lr/70_15_15/stratified/NonHP,0,,1281048,2026-05-13T00:07:41,2026-05-27T19:58:29,3,9,True,multi_day_gap
0/headache/no_rolling_features/stacked_2xgb_meta_lr/70_30/chrono/NonHP,0,,1280173,2026-05-13T00:07:43,2026-05-27T19:43:56,4,9,True,multi_day_gap
0/headache/no_rolling_features/stacked_2xgb_meta_lr/70_30/patient/NonHP,0,,10,2026-05-22T14:59:37,2026-05-22T14:59:47,1,1,False,
0/headache/no_rolling_features/stacked_2xgb_meta_lr/70_30/stratified/NonHP,0,,241150,2026-05-13T00:07:45,2026-05-15T19:06:55,3,6,True,multi_day_gap
0/headache/no_rolling_features/stacked_2xgb_meta_lr/80_20/chrono/NonHP,0,,241156,2026-05-13T00:07:47,2026-05-15T19:07:03,3,6,True,multi_day_gap
0/headache/no_rolling_features/stacked_2xgb_meta_lr/80_20/patient/NonHP,0,,449957,2026-05-22T14:59:47,2026-05-27T19:59:04,1,4,True,multi_day_gap
0/headache/no_rolling_features/stacked_2xgb_meta_lr/80_20/stratified/NonHP,0,,241161,2026-05-13T00:07:50,2026-05-15T19:07:11,3,6,True,multi_day_gap
0/headache/spano_features/blended_xgb_lr_spano2026/70_15_15/chrono/NonHP,0,,241166,2026-05-13T00:07:52,2026-05-15T19:07:18,8,14,True,multi_day_gap
0/headache/spano_features/stacked_2xgb_meta_lr/70_15_15/chrono/NonHP,0,,241168,2026-05-13T00:07:58,2026-05-15T19:07:26,7,12,True,multi_day_gap
0/headache/spano_features/stacked_2xgb_meta_lr/70_15_15/patient/NonHP,0,,9,2026-05-22T14:59:58,2026-05-22T15:00:07,1,1,False,
0/headache/spano_features/stacked_2xgb_meta_lr/70_15_15/stratified/NonHP,0,,1279267,2026-05-13T00:08:00,2026-05-27T19:29:07,3,9,True,multi_day_gap
0/headache/spano_features/stacked_2xgb_meta_lr/70_30/chrono/NonHP,0,,1279207,2026-05-13T00:08:02,2026-05-27T19:28:09,3,8,True,multi_day_gap
0/headache/spano_features/stacked_2xgb_meta_lr/70_30/patient/NonHP,0,,448172,2026-05-22T15:00:07,2026-05-27T19:29:39,1,4,True,multi_day_gap
0/headache/spano_features/stacked_2xgb_meta_lr/70_30/stratified/NonHP,0,,241185,2026-05-13T00:08:04,2026-05-15T19:07:49,3,5,True,multi_day_gap
0/headache/spano_features/stacked_2xgb_meta_lr/80_20/chrono/NonHP,0,,241191,2026-05-13T00:08:06,2026-05-15T19:07:57,3,5,True,multi_day_gap
0/headache/spano_features/stacked_2xgb_meta_lr/80_20/patient/NonHP,0,,11,2026-05-22T15:00:18,2026-05-22T15:00:29,1,1,False,
0/headache/spano_features/stacked_2xgb_meta_lr/80_20/stratified/NonHP,0,,861703,2026-05-13T00:08:08,2026-05-22T23:29:51,3,6,True,multi_day_gap
0/migraine/full_features/stacked_2xgb_meta_lr/70_15_15/chrono/HyperparameterTuned/pareto_AUPRC_slope/auprc_max,0,,6500,2026-05-15T17:20:39,2026-05-15T19:08:59,1,1,False,
0/migraine/full_features/stacked_2xgb_meta_lr/70_15_15/chrono/HyperparameterTuned/pareto_AUPRC_slope/knee,0,,6145,2026-05-15T17:26:42,2026-05-15T19:09:07,1,1,False,
0/migraine/full_features/stacked_2xgb_meta_lr/70_15_15/chrono/HyperparameterTuned/pareto_AUPRC_slope/slope_closest,0,,6150,2026-05-15T17:26:44,2026-05-15T19:09:14,1,1,False,
0/migraine/full_features/stacked_2xgb_meta_lr/70_15_15/chrono/HyperparameterTuned/pareto_AUROC_slope/auroc_max,0,,6155,2026-05-15T17:26:47,2026-05-15T19:09:22,1,1,False,
0/migraine/full_features/stacked_2xgb_meta_lr/70_15_15/chrono/HyperparameterTuned/pareto_AUROC_slope/knee,0,,5802,2026-05-15T17:32:47,2026-05-15T19:09:29,1,1,False,
0/migraine/full_features/stacked_2xgb_meta_lr/70_15_15/chrono/HyperparameterTuned/pareto_AUROC_slope/slope_closest,0,,5808,2026-05-15T17:32:50,2026-05-15T19:09:38,1,1,False,
0/migraine/full_features/stacked_2xgb_meta_lr/70_15_15/chrono/HyperparameterTuned/single_AUROC/HP020,0,,5813,2026-05-15T17:32:52,2026-05-15T19:09:45,1,1,False,
0/migraine/full_features/stacked_2xgb_meta_lr/70_15_15/chrono/HyperparameterTuned/single_AUROC/HP050,0,,5465,2026-05-15T17:38:47,2026-05-15T19:09:52,1,1,False,
0/migraine/full_features/stacked_2xgb_meta_lr/70_15_15/chrono/HyperparameterTuned/single_AUROC/HP100,0,,5468,2026-05-15T17:38:50,2026-05-15T19:09:58,1,1,False,
0/migraine/full_features/stacked_2xgb_meta_lr/70_15_15/chrono/HyperparameterTuned/single_AUROC/HP200,0,,5474,2026-05-15T17:38:53,2026-05-15T19:10:07,1,1,False,
0/migraine/full_features/stacked_2xgb_meta_lr/70_15_15/chrono/HyperparameterTuned/single_AUROC/HP500,0,,5479,2026-05-15T17:38:55,2026-05-15T19:10:14,1,1,False,
0/migraine/full_features/stacked_2xgb_meta_lr/70_15_15/chrono/NonHP,0,,860126,2026-05-13T00:08:10,2026-05-22T23:03:36,6,13,True,multi_day_gap
0/migraine/full_features/stacked_2xgb_meta_lr/70_15_15/patient/HyperparameterTuned/pareto_AUPRC_slope/auprc_max,0,,317,2026-05-22T18:13:27,2026-05-22T18:18:44,1,1,False,
0/migraine/full_features/stacked_2xgb_meta_lr/70_15_15/patient/HyperparameterTuned/pareto_AUPRC_slope/knee,0,,10,2026-05-22T18:18:44,2026-05-22T18:18:54,1,1,False,
0/migraine/full_features/stacked_2xgb_meta_lr/70_15_15/patient/HyperparameterTuned/pareto_AUPRC_slope/slope_closest,0,,10,2026-05-22T18:18:54,2026-05-22T18:19:04,1,1,False,
0/migraine/full_features/stacked_2xgb_meta_lr/70_15_15/patient/HyperparameterTuned/pareto_AUROC_slope/auroc_max,0,,313,2026-05-22T18:19:05,2026-05-22T18:24:18,1,1,False,
0/migraine/full_features/stacked_2xgb_meta_lr/70_15_15/patient/HyperparameterTuned/pareto_AUROC_slope/knee,0,,10,2026-05-22T18:24:19,2026-05-22T18:24:29,1,1,False,
0/migraine/full_features/stacked_2xgb_meta_lr/70_15_15/patient/HyperparameterTuned/pareto_AUROC_slope/slope_closest,0,,442755,2026-05-22T18:24:30,2026-05-27T21:23:45,1,4,True,multi_day_gap
0/migraine/full_features/stacked_2xgb_meta_lr/70_15_15/patient/HyperparameterTuned/single_AUROC/HP020,0,,374,2026-05-22T18:24:41,2026-05-22T18:30:55,1,1,False,
0/migraine/full_features/stacked_2xgb_meta_lr/70_15_15/patient/HyperparameterTuned/single_AUROC/HP050,0,,11,2026-05-22T18:30:56,2026-05-22T18:31:07,1,1,False,
0/migraine/full_features/stacked_2xgb_meta_lr/70_15_15/patient/HyperparameterTuned/single_AUROC/HP100,0,,12,2026-05-22T18:31:08,2026-05-22T18:31:20,1,1,False,
0/migraine/full_features/stacked_2xgb_meta_lr/70_15_15/patient/HyperparameterTuned/single_AUROC/HP200,0,,13,2026-05-22T18:31:20,2026-05-22T18:31:33,1,1,False,
0/migraine/full_features/stacked_2xgb_meta_lr/70_15_15/patient/HyperparameterTuned/single_AUROC/HP500,0,,11,2026-05-22T18:31:33,2026-05-22T18:31:44,1,1,False,
0/migraine/full_features/stacked_2xgb_meta_lr/70_15_15/patient/NonHP,0,,11,2026-05-22T15:00:29,2026-05-22T15:00:40,1,1,False,
0/migraine/full_features/stacked_2xgb_meta_lr/70_15_15/stratified/HyperparameterTuned/pareto_AUPRC_slope/auprc_max,0,,5489,2026-05-15T17:39:00,2026-05-15T19:10:29,1,1,False,
0/migraine/full_features/stacked_2xgb_meta_lr/70_15_15/stratified/HyperparameterTuned/pareto_AUPRC_slope/knee,0,,5147,2026-05-15T17:44:50,2026-05-15T19:10:37,1,1,False,
0/migraine/full_features/stacked_2xgb_meta_lr/70_15_15/stratified/HyperparameterTuned/pareto_AUPRC_slope/slope_closest,0,,5151,2026-05-15T17:44:53,2026-05-15T19:10:44,1,1,False,
0/migraine/full_features/stacked_2xgb_meta_lr/70_15_15/stratified/HyperparameterTuned/pareto_AUROC_slope/auroc_max,0,,5156,2026-05-15T17:44:55,2026-05-15T19:10:51,1,1,False,
0/migraine/full_features/stacked_2xgb_meta_lr/70_15_15/stratified/HyperparameterTuned/pareto_AUROC_slope/knee,0,,4835,2026-05-15T17:50:24,2026-05-15T19:10:59,1,1,False,
0/migraine/full_features/stacked_2xgb_meta_lr/70_15_15/stratified/HyperparameterTuned/pareto_AUROC_slope/slope_closest,0,,4841,2026-05-15T17:50:26,2026-05-15T19:11:07,1,1,False,
0/migraine/full_features/stacked_2xgb_meta_lr/70_15_15/stratified/HyperparameterTuned/single_AUROC/HP020,0,,4847,2026-05-15T17:50:28,2026-05-15T19:11:15,1,1,False,
0/migraine/full_features/stacked_2xgb_meta_lr/70_15_15/stratified/HyperparameterTuned/single_AUROC/HP050,0,,4512,2026-05-15T17:56:11,2026-05-15T19:11:23,1,1,False,
0/migraine/full_features/stacked_2xgb_meta_lr/70_15_15/stratified/HyperparameterTuned/single_AUROC/HP100,0,,4518,2026-05-15T17:56:13,2026-05-15T19:11:31,1,1,False,
0/migraine/full_features/stacked_2xgb_meta_lr/70_15_15/stratified/HyperparameterTuned/single_AUROC/HP200,0,,4522,2026-05-15T17:56:16,2026-05-15T19:11:38,1,1,False,
0/migraine/full_features/stacked_2xgb_meta_lr/70_15_15/stratified/HyperparameterTuned/single_AUROC/HP500,0,,4527,2026-05-15T17:56:19,2026-05-15T19:11:46,1,1,False,
0/migraine/full_features/stacked_2xgb_meta_lr/70_15_15/stratified/NonHP,0,,860147,2026-05-13T00:08:12,2026-05-22T23:03:59,3,8,True,multi_day_gap
0/migraine/full_features/stacked_2xgb_meta_lr/70_30/chrono/HyperparameterTuned/pareto_AUPRC_slope/auprc_max,0,,6030,2026-05-15T17:56:23,2026-05-15T19:36:53,1,1,False,
0/migraine/full_features/stacked_2xgb_meta_lr/70_30/chrono/HyperparameterTuned/pareto_AUPRC_slope/knee,0,,5730,2026-05-15T18:01:24,2026-05-15T19:36:54,1,1,False,
0/migraine/full_features/stacked_2xgb_meta_lr/70_30/chrono/HyperparameterTuned/pareto_AUPRC_slope/slope_closest,0,,5728,2026-05-15T18:01:26,2026-05-15T19:36:54,1,1,False,
0/migraine/full_features/stacked_2xgb_meta_lr/70_30/chrono/HyperparameterTuned/pareto_AUROC_slope/auroc_max,0,,5733,2026-05-15T18:01:28,2026-05-15T19:37:01,1,1,False,
0/migraine/full_features/stacked_2xgb_meta_lr/70_30/chrono/HyperparameterTuned/pareto_AUROC_slope/knee,0,,5416,2026-05-15T18:07:02,2026-05-15T19:37:18,1,1,False,
0/migraine/full_features/stacked_2xgb_meta_lr/70_30/chrono/HyperparameterTuned/pareto_AUROC_slope/slope_closest,0,,5422,2026-05-15T18:07:04,2026-05-15T19:37:26,1,1,False,
0/migraine/full_features/stacked_2xgb_meta_lr/70_30/chrono/HyperparameterTuned/single_AUROC/HP020,0,,1044263,2026-05-15T18:07:07,2026-05-27T20:11:30,1,5,True,multi_day_gap
0/migraine/full_features/stacked_2xgb_meta_lr/70_30/chrono/HyperparameterTuned/single_AUROC/HP050,0,,623884,2026-05-15T18:12:52,2026-05-22T23:30:56,1,2,True,multi_day_gap
0/migraine/full_features/stacked_2xgb_meta_lr/70_30/chrono/HyperparameterTuned/single_AUROC/HP100,0,,5078,2026-05-15T18:12:54,2026-05-15T19:37:32,1,1,False,
0/migraine/full_features/stacked_2xgb_meta_lr/70_30/chrono/HyperparameterTuned/single_AUROC/HP200,0,,5077,2026-05-15T18:12:57,2026-05-15T19:37:34,1,1,False,
0/migraine/full_features/stacked_2xgb_meta_lr/70_30/chrono/HyperparameterTuned/single_AUROC/HP500,0,,5075,2026-05-15T18:12:59,2026-05-15T19:37:34,1,1,False,
0/migraine/full_features/stacked_2xgb_meta_lr/70_30/chrono/NonHP,0,,242964,2026-05-13T00:08:15,2026-05-15T19:37:39,3,6,True,multi_day_gap
0/migraine/full_features/stacked_2xgb_meta_lr/70_30/patient/HyperparameterTuned/pareto_AUPRC_slope/auprc_max,0,,357,2026-05-22T18:31:44,2026-05-22T18:37:41,1,1,False,
0/migraine/full_features/stacked_2xgb_meta_lr/70_30/patient/HyperparameterTuned/pareto_AUPRC_slope/knee,0,,14,2026-05-22T18:37:42,2026-05-22T18:37:56,1,1,False,
0/migraine/full_features/stacked_2xgb_meta_lr/70_30/patient/HyperparameterTuned/pareto_AUPRC_slope/slope_closest,0,,13,2026-05-22T18:37:56,2026-05-22T18:38:09,1,1,False,
0/migraine/full_features/stacked_2xgb_meta_lr/70_30/patient/HyperparameterTuned/pareto_AUROC_slope/auroc_max,0,,363,2026-05-22T18:38:09,2026-05-22T18:44:12,1,1,False,
0/migraine/full_features/stacked_2xgb_meta_lr/70_30/patient/HyperparameterTuned/pareto_AUROC_slope/knee,0,,14,2026-05-22T18:44:12,2026-05-22T18:44:26,1,1,False,
0/migraine/full_features/stacked_2xgb_meta_lr/70_30/patient/HyperparameterTuned/pareto_AUROC_slope/slope_closest,0,,12,2026-05-22T18:44:27,2026-05-22T18:44:39,1,1,False,
0/migraine/full_features/stacked_2xgb_meta_lr/70_30/patient/HyperparameterTuned/single_AUROC/HP020,0,,333,2026-05-22T18:44:40,2026-05-22T18:50:13,1,1,False,
0/migraine/full_features/stacked_2xgb_meta_lr/70_30/patient/HyperparameterTuned/single_AUROC/HP050,0,,9,2026-05-22T18:50:14,2026-05-22T18:50:23,1,1,False,
0/migraine/full_features/stacked_2xgb_meta_lr/70_30/patient/HyperparameterTuned/single_AUROC/HP100,0,,9,2026-05-22T18:50:24,2026-05-22T18:50:33,1,1,False,
0/migraine/full_features/stacked_2xgb_meta_lr/70_30/patient/HyperparameterTuned/single_AUROC/HP200,0,,10,2026-05-22T18:50:34,2026-05-22T18:50:44,1,1,False,
0/migraine/full_features/stacked_2xgb_meta_lr/70_30/patient/HyperparameterTuned/single_AUROC/HP500,0,,11,2026-05-22T18:50:44,2026-05-22T18:50:55,1,1,False,
0/migraine/full_features/stacked_2xgb_meta_lr/70_30/patient/NonHP,0,,11,2026-05-22T15:00:41,2026-05-22T15:00:52,1,1,False,
0/migraine/full_features/stacked_2xgb_meta_lr/70_30/stratified/HyperparameterTuned/pareto_AUPRC_slope/auprc_max,0,,5097,2026-05-15T18:13:05,2026-05-15T19:38:02,1,1,False,
0/migraine/full_features/stacked_2xgb_meta_lr/70_30/stratified/HyperparameterTuned/pareto_AUPRC_slope/knee,0,,4839,2026-05-15T18:17:36,2026-05-15T19:38:15,1,1,False,
0/migraine/full_features/stacked_2xgb_meta_lr/70_30/stratified/HyperparameterTuned/pareto_AUPRC_slope/slope_closest,0,,4843,2026-05-15T18:17:38,2026-05-15T19:38:21,1,1,False,
0/migraine/full_features/stacked_2xgb_meta_lr/70_30/stratified/HyperparameterTuned/pareto_AUROC_slope/auroc_max,0,,4841,2026-05-15T18:17:41,2026-05-15T19:38:22,1,1,False,
0/migraine/full_features/stacked_2xgb_meta_lr/70_30/stratified/HyperparameterTuned/pareto_AUROC_slope/knee,0,,4566,2026-05-15T18:22:16,2026-05-15T19:38:22,1,1,False,
0/migraine/full_features/stacked_2xgb_meta_lr/70_30/stratified/HyperparameterTuned/pareto_AUROC_slope/slope_closest,0,,4568,2026-05-15T18:22:18,2026-05-15T19:38:26,1,1,False,
0/migraine/full_features/stacked_2xgb_meta_lr/70_30/stratified/HyperparameterTuned/single_AUROC/HP020,0,,4566,2026-05-15T18:22:20,2026-05-15T19:38:26,1,1,False,
0/migraine/full_features/stacked_2xgb_meta_lr/70_30/stratified/HyperparameterTuned/single_AUROC/HP050,0,,4301,2026-05-15T18:26:47,2026-05-15T19:38:28,1,1,False,
0/migraine/full_features/stacked_2xgb_meta_lr/70_30/stratified/HyperparameterTuned/single_AUROC/HP100,0,,4312,2026-05-15T18:26:49,2026-05-15T19:38:41,1,1,False,
0/migraine/full_features/stacked_2xgb_meta_lr/70_30/stratified/HyperparameterTuned/single_AUROC/HP200,0,,4333,2026-05-15T18:26:51,2026-05-15T19:39:04,1,1,False,
0/migraine/full_features/stacked_2xgb_meta_lr/70_30/stratified/HyperparameterTuned/single_AUROC/HP500,0,,4335,2026-05-15T18:26:54,2026-05-15T19:39:09,1,1,False,
0/migraine/full_features/stacked_2xgb_meta_lr/70_30/stratified/NonHP,0,,243053,2026-05-13T00:08:17,2026-05-15T19:39:10,3,6,True,multi_day_gap
0/migraine/full_features/stacked_2xgb_meta_lr/80_20/chrono/HyperparameterTuned/pareto_AUPRC_slope/auprc_max,0,,4329,2026-05-15T18:26:58,2026-05-15T19:39:07,1,1,False,
0/migraine/full_features/stacked_2xgb_meta_lr/80_20/chrono/HyperparameterTuned/pareto_AUPRC_slope/knee,0,,3990,2026-05-15T18:32:42,2026-05-15T19:39:12,1,1,False,
0/migraine/full_features/stacked_2xgb_meta_lr/80_20/chrono/HyperparameterTuned/pareto_AUPRC_slope/slope_closest,0,,3987,2026-05-15T18:32:44,2026-05-15T19:39:11,1,1,False,
0/migraine/full_features/stacked_2xgb_meta_lr/80_20/chrono/HyperparameterTuned/pareto_AUROC_slope/auroc_max,0,,3988,2026-05-15T18:32:46,2026-05-15T19:39:14,1,1,False,
0/migraine/full_features/stacked_2xgb_meta_lr/80_20/chrono/HyperparameterTuned/pareto_AUROC_slope/knee,0,,3627,2026-05-15T18:38:59,2026-05-15T19:39:26,1,1,False,
0/migraine/full_features/stacked_2xgb_meta_lr/80_20/chrono/HyperparameterTuned/pareto_AUROC_slope/slope_closest,0,,3646,2026-05-15T18:39:01,2026-05-15T19:39:47,1,1,False,
0/migraine/full_features/stacked_2xgb_meta_lr/80_20/chrono/HyperparameterTuned/single_AUROC/HP020,0,,3645,2026-05-15T18:39:04,2026-05-15T19:39:49,1,1,False,
0/migraine/full_features/stacked_2xgb_meta_lr/80_20/chrono/HyperparameterTuned/single_AUROC/HP050,0,,3287,2026-05-15T18:45:04,2026-05-15T19:39:51,1,1,False,
0/migraine/full_features/stacked_2xgb_meta_lr/80_20/chrono/HyperparameterTuned/single_AUROC/HP100,0,,3284,2026-05-15T18:45:07,2026-05-15T19:39:51,1,1,False,
0/migraine/full_features/stacked_2xgb_meta_lr/80_20/chrono/HyperparameterTuned/single_AUROC/HP200,0,,3283,2026-05-15T18:45:09,2026-05-15T19:39:52,1,1,False,
0/migraine/full_features/stacked_2xgb_meta_lr/80_20/chrono/HyperparameterTuned/single_AUROC/HP500,0,,3283,2026-05-15T18:45:12,2026-05-15T19:39:55,1,1,False,
0/migraine/full_features/stacked_2xgb_meta_lr/80_20/chrono/NonHP,0,,243098,2026-05-13T00:08:19,2026-05-15T19:39:57,3,6,True,multi_day_gap
0/migraine/full_features/stacked_2xgb_meta_lr/80_20/patient/HyperparameterTuned/pareto_AUPRC_slope/auprc_max,0,,346,2026-05-22T18:50:55,2026-05-22T18:56:41,1,1,False,
0/migraine/full_features/stacked_2xgb_meta_lr/80_20/patient/HyperparameterTuned/pareto_AUPRC_slope/knee,0,,10,2026-05-22T18:56:42,2026-05-22T18:56:52,1,1,False,
0/migraine/full_features/stacked_2xgb_meta_lr/80_20/patient/HyperparameterTuned/pareto_AUPRC_slope/slope_closest,0,,11,2026-05-22T18:56:52,2026-05-22T18:57:03,1,1,False,
0/migraine/full_features/stacked_2xgb_meta_lr/80_20/patient/HyperparameterTuned/pareto_AUROC_slope/auroc_max,0,,355,2026-05-22T18:57:03,2026-05-22T19:02:58,1,1,False,
0/migraine/full_features/stacked_2xgb_meta_lr/80_20/patient/HyperparameterTuned/pareto_AUROC_slope/knee,0,,11,2026-05-22T19:02:58,2026-05-22T19:03:09,1,1,False,
0/migraine/full_features/stacked_2xgb_meta_lr/80_20/patient/HyperparameterTuned/pareto_AUROC_slope/slope_closest,0,,10,2026-05-22T19:03:10,2026-05-22T19:03:20,1,1,False,
0/migraine/full_features/stacked_2xgb_meta_lr/80_20/patient/HyperparameterTuned/single_AUROC/HP020,0,,343,2026-05-22T19:03:21,2026-05-22T19:09:04,1,1,False,
0/migraine/full_features/stacked_2xgb_meta_lr/80_20/patient/HyperparameterTuned/single_AUROC/HP050,0,,10,2026-05-22T19:09:05,2026-05-22T19:09:15,1,1,False,
0/migraine/full_features/stacked_2xgb_meta_lr/80_20/patient/HyperparameterTuned/single_AUROC/HP100,0,,10,2026-05-22T19:09:16,2026-05-22T19:09:26,1,1,False,
0/migraine/full_features/stacked_2xgb_meta_lr/80_20/patient/HyperparameterTuned/single_AUROC/HP200,0,,10,2026-05-22T19:09:27,2026-05-22T19:09:37,1,1,False,
0/migraine/full_features/stacked_2xgb_meta_lr/80_20/patient/HyperparameterTuned/single_AUROC/HP500,0,,11,2026-05-22T19:09:38,2026-05-22T19:09:49,1,1,False,
0/migraine/full_features/stacked_2xgb_meta_lr/80_20/patient/NonHP,0,,11,2026-05-22T15:00:53,2026-05-22T15:01:04,1,1,False,
0/migraine/full_features/stacked_2xgb_meta_lr/80_20/stratified/HyperparameterTuned/pareto_AUPRC_slope/auprc_max,0,,3297,2026-05-15T18:45:17,2026-05-15T19:40:14,1,1,False,
0/migraine/full_features/stacked_2xgb_meta_lr/80_20/stratified/HyperparameterTuned/pareto_AUPRC_slope/knee,0,,2968,2026-05-15T18:51:09,2026-05-15T19:40:37,1,1,False,
0/migraine/full_features/stacked_2xgb_meta_lr/80_20/stratified/HyperparameterTuned/pareto_AUPRC_slope/slope_closest,0,,2971,2026-05-15T18:51:11,2026-05-15T19:40:42,1,1,False,
0/migraine/full_features/stacked_2xgb_meta_lr/80_20/stratified/HyperparameterTuned/pareto_AUROC_slope/auroc_max,0,,2966,2026-05-15T18:51:13,2026-05-15T19:40:39,1,1,False,
0/migraine/full_features/stacked_2xgb_meta_lr/80_20/stratified/HyperparameterTuned/pareto_AUROC_slope/knee,0,,2623,2026-05-15T18:56:58,2026-05-15T19:40:41,1,1,False,
0/migraine/full_features/stacked_2xgb_meta_lr/80_20/stratified/HyperparameterTuned/pareto_AUROC_slope/slope_closest,0,,2622,2026-05-15T18:57:01,2026-05-15T19:40:43,1,1,False,
0/migraine/full_features/stacked_2xgb_meta_lr/80_20/stratified/HyperparameterTuned/single_AUROC/HP020,0,,2618,2026-05-15T18:57:03,2026-05-15T19:40:41,1,1,False,
0/migraine/full_features/stacked_2xgb_meta_lr/80_20/stratified/HyperparameterTuned/single_AUROC/HP050,0,,2272,2026-05-15T19:02:52,2026-05-15T19:40:44,1,1,False,
0/migraine/full_features/stacked_2xgb_meta_lr/80_20/stratified/HyperparameterTuned/single_AUROC/HP100,0,,2275,2026-05-15T19:02:55,2026-05-15T19:40:50,1,1,False,
0/migraine/full_features/stacked_2xgb_meta_lr/80_20/stratified/HyperparameterTuned/single_AUROC/HP200,0,,2279,2026-05-15T19:02:57,2026-05-15T19:40:56,1,1,False,
0/migraine/full_features/stacked_2xgb_meta_lr/80_20/stratified/HyperparameterTuned/single_AUROC/HP500,0,,2278,2026-05-15T19:02:59,2026-05-15T19:40:57,1,1,False,
0/migraine/full_features/stacked_2xgb_meta_lr/80_20/stratified/NonHP,0,,243156,2026-05-13T00:08:21,2026-05-15T19:40:57,3,6,True,multi_day_gap
0/migraine/no_rolling_features/stacked_2xgb_meta_lr/70_15_15/chrono/NonHP,0,,860195,2026-05-13T00:08:23,2026-05-22T23:04:58,6,13,True,multi_day_gap
0/migraine/no_rolling_features/stacked_2xgb_meta_lr/70_15_15/patient/NonHP,0,,10,2026-05-22T15:01:04,2026-05-22T15:01:14,1,1,False,
0/migraine/no_rolling_features/stacked_2xgb_meta_lr/70_15_15/stratified/NonHP,0,,1287906,2026-05-13T00:08:25,2026-05-27T21:53:31,3,9,True,multi_day_gap
0/migraine/no_rolling_features/stacked_2xgb_meta_lr/70_30/chrono/NonHP,0,,1287269,2026-05-13T00:08:27,2026-05-27T21:42:56,3,9,True,multi_day_gap
0/migraine/no_rolling_features/stacked_2xgb_meta_lr/70_30/patient/NonHP,0,,458651,2026-05-22T15:01:15,2026-05-27T22:25:26,1,4,True,multi_day_gap
0/migraine/no_rolling_features/stacked_2xgb_meta_lr/70_30/stratified/NonHP,0,,241471,2026-05-13T00:08:29,2026-05-15T19:13:00,3,6,True,multi_day_gap
0/migraine/no_rolling_features/stacked_2xgb_meta_lr/80_20/chrono/NonHP,0,,241476,2026-05-13T00:08:31,2026-05-15T19:13:07,3,6,True,multi_day_gap
0/migraine/no_rolling_features/stacked_2xgb_meta_lr/80_20/patient/NonHP,0,,11,2026-05-22T15:01:26,2026-05-22T15:01:37,1,1,False,
0/migraine/no_rolling_features/stacked_2xgb_meta_lr/80_20/stratified/NonHP,0,,241484,2026-05-13T00:08:33,2026-05-15T19:13:17,3,6,True,multi_day_gap
0/migraine/park_features/stacked_2xgb_meta_lr/70_15_15/chrono/NonHP,0,,853895,2026-05-13T00:08:35,2026-05-22T21:20:10,6,10,True,multi_day_gap
0/migraine/park_features/stacked_2xgb_meta_lr/70_15_15/patient/NonHP,0,,10,2026-05-22T15:01:38,2026-05-22T15:01:48,1,1,False,
0/migraine/park_features/stacked_2xgb_meta_lr/70_15_15/stratified/NonHP,0,,241497,2026-05-13T00:08:37,2026-05-15T19:13:34,3,4,True,multi_day_gap
0/migraine/park_features/stacked_2xgb_meta_lr/70_30/chrono/NonHP,0,,1290181,2026-05-13T00:08:39,2026-05-27T22:31:40,3,7,True,multi_day_gap
0/migraine/park_features/stacked_2xgb_meta_lr/70_30/patient/NonHP,0,,459306,2026-05-22T15:01:49,2026-05-27T22:36:55,1,4,True,multi_day_gap
0/migraine/park_features/stacked_2xgb_meta_lr/70_30/stratified/NonHP,0,,1290483,2026-05-13T00:08:41,2026-05-27T22:36:44,3,7,True,multi_day_gap
0/migraine/park_features/stacked_2xgb_meta_lr/80_20/chrono/NonHP,0,,241516,2026-05-13T00:08:43,2026-05-15T19:13:59,3,4,True,multi_day_gap
0/migraine/park_features/stacked_2xgb_meta_lr/80_20/patient/NonHP,0,,10,2026-05-22T15:01:57,2026-05-22T15:02:07,1,1,False,
0/migraine/park_features/stacked_2xgb_meta_lr/80_20/stratified/NonHP,0,,241522,2026-05-13T00:08:45,2026-05-15T19:14:07,3,4,True,multi_day_gap
0/migraine/spano_features/blended_xgb_lr_spano2026/70_15_15/chrono/NonHP,0,,241528,2026-05-13T00:08:47,2026-05-15T19:14:15,6,9,True,multi_day_gap
0/migraine/spano_features/stacked_2xgb_meta_lr/70_15_15/chrono/NonHP,0,,241527,2026-05-13T00:08:57,2026-05-15T19:14:24,6,11,True,multi_day_gap
0/migraine/spano_features/stacked_2xgb_meta_lr/70_15_15/patient/NonHP,0,,10,2026-05-22T15:02:08,2026-05-22T15:02:18,1,1,False,
0/migraine/spano_features/stacked_2xgb_meta_lr/70_15_15/stratified/NonHP,0,,1286153,2026-05-13T00:08:59,2026-05-27T21:24:52,3,7,True,multi_day_gap
0/migraine/spano_features/stacked_2xgb_meta_lr/70_30/chrono/NonHP,0,,1286120,2026-05-13T00:09:01,2026-05-27T21:24:21,3,7,True,multi_day_gap
0/migraine/spano_features/stacked_2xgb_meta_lr/70_30/patient/NonHP,0,,10,2026-05-22T15:02:19,2026-05-22T15:02:29,1,1,False,
0/migraine/spano_features/stacked_2xgb_meta_lr/70_30/stratified/NonHP,0,,241551,2026-05-13T00:09:03,2026-05-15T19:14:54,3,4,True,multi_day_gap
0/migraine/spano_features/stacked_2xgb_meta_lr/80_20/chrono/NonHP,0,,241557,2026-05-13T00:09:05,2026-05-15T19:15:02,3,4,True,multi_day_gap
0/migraine/spano_features/stacked_2xgb_meta_lr/80_20/patient/NonHP,0,,454970,2026-05-22T15:02:30,2026-05-27T21:25:20,1,4,True,multi_day_gap
0/migraine/spano_features/stacked_2xgb_meta_lr/80_20/stratified/NonHP,0,,241563,2026-05-13T00:09:07,2026-05-15T19:15:10,3,4,True,multi_day_gap
1/headache/full_features/tabpfn/version_2-5-auto/70_30/stratified,1,1089.23,1022626,2026-05-10T22:21:22,2026-05-22T18:25:08,7,5,True,autogluon-precise;multi_day_gap
1/headache/full_features/tabpfn/version_2-5-auto/80_20/stratified,1,1304.91,1022029,2026-05-10T22:32:14,2026-05-22T18:26:03,4,4,True,autogluon-precise;multi_day_gap
1/headache/full_features/tabpfn/version_2-5-finetuned/70_15_15/chrono,1,,264552,2026-05-10T22:45:13,2026-05-14T00:14:25,7,4,True,multi_day_gap
1/headache/full_features/tabpfn/version_2-5-finetuned/70_15_15/patient,1,,721,2026-05-22T15:02:43,2026-05-22T15:14:44,1,1,False,
1/headache/full_features/tabpfn/version_2-5-finetuned/70_15_15/stratified,1,,264295,2026-05-10T22:49:46,2026-05-14T00:14:41,3,2,True,multi_day_gap
1/headache/full_features/tabpfn/version_2-5-finetuned/70_30/chrono,1,,1020818,2026-05-10T22:52:45,2026-05-22T18:26:23,3,4,True,multi_day_gap
1/headache/full_features/tabpfn/version_2-5-finetuned/70_30/patient,1,,11515,2026-05-22T15:14:47,2026-05-22T18:26:42,1,1,False,
1/headache/full_features/tabpfn/version_2-5-finetuned/70_30/stratified,1,,1020618,2026-05-10T22:56:42,2026-05-22T18:27:00,3,4,True,multi_day_gap
1/headache/full_features/tabpfn/version_2-5-finetuned/80_20/chrono,1,,1020445,2026-05-10T22:59:56,2026-05-22T18:27:21,3,4,True,multi_day_gap
1/headache/full_features/tabpfn/version_2-5-finetuned/80_20/patient,1,,10849,2026-05-22T15:26:52,2026-05-22T18:27:41,1,1,False,
1/headache/full_features/tabpfn/version_2-5-finetuned/80_20/stratified,1,,1039086,2026-05-10T23:04:49,2026-05-22T23:42:55,3,11,True,multi_day_gap
1/headache/full_features/tabpfn/version_2-5-real/70_15_15/chrono,1,,266160,2026-05-10T22:20:12,2026-05-14T00:16:12,6,6,True,multi_day_gap
1/headache/full_features/tabpfn/version_2-5-real/70_15_15/patient,1,,17,2026-05-22T15:41:39,2026-05-22T15:41:56,1,1,False,
1/headache/full_features/tabpfn/version_2-5-real/70_15_15/stratified,1,,266170,2026-05-10T22:20:19,2026-05-14T00:16:29,3,3,True,multi_day_gap
1/headache/full_features/tabpfn/version_2-5-real/70_30/chrono,1,,1022874,2026-05-10T22:20:26,2026-05-22T18:28:20,3,3,True,multi_day_gap
1/headache/full_features/tabpfn/version_2-5-real/70_30/patient,1,,10001,2026-05-22T15:41:59,2026-05-22T18:28:40,1,1,False,
1/headache/full_features/tabpfn/version_2-5-real/70_30/stratified,1,,1022904,2026-05-10T22:20:34,2026-05-22T18:28:58,3,4,True,multi_day_gap
1/headache/full_features/tabpfn/version_2-5-real/80_20/chrono,1,,1022918,2026-05-10T22:20:40,2026-05-22T18:29:18,3,3,True,multi_day_gap
1/headache/full_features/tabpfn/version_2-5-real/80_20/patient,1,,10037,2026-05-22T15:42:20,2026-05-22T18:29:37,1,1,False,
1/headache/full_features/tabpfn/version_2-5-real/80_20/stratified,1,,1022950,2026-05-10T22:20:46,2026-05-22T18:29:56,3,3,True,multi_day_gap
1/headache/full_features/tabpfn/version_2-6/70_15_15/chrono,1,,266225,2026-05-10T22:20:53,2026-05-14T00:17:58,6,19,True,multi_day_gap
1/headache/full_features/tabpfn/version_2-6/70_15_15/patient,1,,16,2026-05-22T14:57:20,2026-05-22T14:57:36,1,1,False,
1/headache/full_features/tabpfn/version_2-6/70_15_15/stratified,1,,266235,2026-05-10T22:20:59,2026-05-14T00:18:14,3,6,True,multi_day_gap
1/headache/full_features/tabpfn/version_2-6/70_30/chrono,1,,1455704,2026-05-10T22:21:08,2026-05-27T18:42:52,3,12,True,multi_day_gap
1/headache/full_features/tabpfn/version_2-6/70_30/patient,1,,10072,2026-05-22T15:42:41,2026-05-22T18:30:33,1,2,False,
1/headache/full_features/tabpfn/version_2-6/70_30/stratified,1,,1022980,2026-05-10T22:21:12,2026-05-22T18:30:52,3,7,True,multi_day_gap
1/headache/full_features/tabpfn/version_2-6/80_20/chrono,1,,1022999,2026-05-10T22:21:15,2026-05-22T18:31:14,3,6,True,multi_day_gap
1/headache/full_features/tabpfn/version_2-6/80_20/patient,1,,10113,2026-05-22T15:43:02,2026-05-22T18:31:35,1,1,False,
1/headache/full_features/tabpfn/version_2-6/80_20/stratified,1,,1023035,2026-05-10T22:21:19,2026-05-22T18:31:54,3,7,True,multi_day_gap
1/headache/full_features/tabpfn/version_3-binary/70_15_15/chrono,1,,28943,2026-05-13T16:17:14,2026-05-14T00:19:37,3,4,False,
1/headache/full_features/tabpfn/version_3-binary/70_15_15/patient,1,,13,2026-05-22T15:43:23,2026-05-22T15:43:36,1,1,False,
1/headache/full_features/tabpfn/version_3-binary/70_15_15/stratified,1,,28952,2026-05-13T16:17:18,2026-05-14T00:19:50,1,2,False,
1/headache/full_features/tabpfn/version_3-binary/70_30/chrono,1,,1199773,2026-05-13T16:17:22,2026-05-27T13:33:35,1,4,True,multi_day_gap
1/headache/full_features/tabpfn/version_3-binary/70_30/patient,1,,10126,2026-05-22T15:43:39,2026-05-22T18:32:25,1,1,False,
1/headache/full_features/tabpfn/version_3-binary/70_30/stratified,1,,785714,2026-05-13T16:17:26,2026-05-22T18:32:40,1,3,True,multi_day_gap
1/headache/full_features/tabpfn/version_3-binary/80_20/chrono,1,,785726,2026-05-13T16:17:30,2026-05-22T18:32:56,1,3,True,multi_day_gap
1/headache/full_features/tabpfn/version_3-binary/80_20/patient,1,,10150,2026-05-22T15:44:01,2026-05-22T18:33:11,1,1,False,
1/headache/full_features/tabpfn/version_3-binary/80_20/stratified,1,,785751,2026-05-13T16:17:34,2026-05-22T18:33:25,1,3,True,multi_day_gap
1/headache/full_features/tabpfn/version_3-default/70_15_15/chrono,1,,29001,2026-05-13T16:17:38,2026-05-14T00:20:59,3,4,False,
1/headache/full_features/tabpfn/version_3-default/70_15_15/patient,1,,444719,2026-05-22T15:44:22,2026-05-27T19:16:21,1,4,True,multi_day_gap
1/headache/full_features/tabpfn/version_3-default/70_15_15/stratified,1,,29010,2026-05-13T16:17:42,2026-05-14T00:21:12,1,2,False,
1/headache/full_features/tabpfn/version_3-default/70_30/chrono,1,,1199000,2026-05-13T16:17:46,2026-05-27T13:21:06,1,4,True,multi_day_gap
1/headache/full_features/tabpfn/version_3-default/70_30/patient,1,,10156,2026-05-22T15:44:38,2026-05-22T18:33:54,1,1,False,
1/headache/full_features/tabpfn/version_3-default/70_30/stratified,1,,785778,2026-05-13T16:17:50,2026-05-22T18:34:08,1,3,True,multi_day_gap
1/headache/full_features/tabpfn/version_3-default/80_20/chrono,1,,785790,2026-05-13T16:17:54,2026-05-22T18:34:24,1,3,True,multi_day_gap
1/headache/full_features/tabpfn/version_3-default/80_20/patient,1,,10179,2026-05-22T15:45:00,2026-05-22T18:34:39,1,1,False,
1/headache/full_features/tabpfn/version_3-default/80_20/stratified,1,,1219594,2026-05-13T16:17:58,2026-05-27T19:04:32,1,6,True,multi_day_gap
1/headache/no_rolling_features/tabpfn/version_2-5-finetuned/70_15_15/chrono,1,,263585,2026-05-10T23:09:17,2026-05-14T00:22:22,8,5,True,multi_day_gap
1/headache/no_rolling_features/tabpfn/version_2-5-finetuned/70_15_15/patient,1,,540,2026-05-22T15:45:21,2026-05-22T15:54:21,1,1,False,
1/headache/no_rolling_features/tabpfn/version_2-5-finetuned/70_15_15/stratified,1,,266789,2026-05-10T22:16:07,2026-05-14T00:22:36,4,3,True,multi_day_gap
1/headache/no_rolling_features/tabpfn/version_2-5-finetuned/70_30/chrono,1,,266669,2026-05-10T22:18:22,2026-05-14T00:22:51,3,3,True,multi_day_gap
1/headache/no_rolling_features/tabpfn/version_2-5-finetuned/70_30/patient,1,,541,2026-05-22T15:54:25,2026-05-22T16:03:26,1,1,False,
1/headache/no_rolling_features/tabpfn/version_2-5-finetuned/70_30/stratified,1,,260065,2026-05-11T00:08:42,2026-05-14T00:23:07,2,2,True,multi_day_gap
1/headache/no_rolling_features/tabpfn/version_2-5-finetuned/80_20/chrono,1,,259966,2026-05-11T00:10:37,2026-05-14T00:23:23,3,2,True,multi_day_gap
1/headache/no_rolling_features/tabpfn/version_2-5-finetuned/80_20/patient,1,,498,2026-05-22T16:03:28,2026-05-22T16:11:46,1,1,False,
1/headache/no_rolling_features/tabpfn/version_2-5-finetuned/80_20/stratified,1,,259909,2026-05-11T00:11:49,2026-05-14T00:23:38,3,4,True,multi_day_gap
1/headache/no_rolling_features/tabpfn/version_2-5-real/70_15_15/chrono,1,,263733,2026-05-10T23:08:21,2026-05-14T00:23:54,7,6,True,multi_day_gap
1/headache/no_rolling_features/tabpfn/version_2-5-real/70_15_15/patient,1,,13,2026-05-22T16:11:49,2026-05-22T16:12:02,1,1,False,
1/headache/no_rolling_features/tabpfn/version_2-5-real/70_15_15/stratified,1,,1456566,2026-05-10T23:08:30,2026-05-27T19:44:36,2,6,True,multi_day_gap
1/headache/no_rolling_features/tabpfn/version_2-5-real/70_30/chrono,1,,263742,2026-05-10T23:08:41,2026-05-14T00:24:23,3,3,True,multi_day_gap
1/headache/no_rolling_features/tabpfn/version_2-5-real/70_30/patient,1,,15,2026-05-22T16:12:05,2026-05-22T16:12:20,1,1,False,
1/headache/no_rolling_features/tabpfn/version_2-5-real/70_30/stratified,1,,263752,2026-05-10T23:08:47,2026-05-14T00:24:39,3,3,True,multi_day_gap
1/headache/no_rolling_features/tabpfn/version_2-5-real/80_20/chrono,1,,263762,2026-05-10T23:08:53,2026-05-14T00:24:55,3,3,True,multi_day_gap
1/headache/no_rolling_features/tabpfn/version_2-5-real/80_20/patient,1,,15,2026-05-22T16:12:23,2026-05-22T16:12:38,1,1,False,
1/headache/no_rolling_features/tabpfn/version_2-5-real/80_20/stratified,1,,263774,2026-05-10T23:08:56,2026-05-14T00:25:10,4,4,True,multi_day_gap
1/headache/no_rolling_features/tabpfn/version_2-6/70_15_15/chrono,1,,263785,2026-05-10T23:08:59,2026-05-14T00:25:24,6,12,True,multi_day_gap
1/headache/no_rolling_features/tabpfn/version_2-6/70_15_15/patient,1,,14,2026-05-22T16:12:41,2026-05-22T16:12:55,1,1,False,
1/headache/no_rolling_features/tabpfn/version_2-6/70_15_15/stratified,1,,263796,2026-05-10T23:09:02,2026-05-14T00:25:38,3,6,True,multi_day_gap
1/headache/no_rolling_features/tabpfn/version_2-6/70_30/chrono,1,,263808,2026-05-10T23:09:05,2026-05-14T00:25:53,3,6,True,multi_day_gap
1/headache/no_rolling_features/tabpfn/version_2-6/70_30/patient,1,,14,2026-05-22T16:12:58,2026-05-22T16:13:12,1,1,False,
1/headache/no_rolling_features/tabpfn/version_2-6/70_30/stratified,1,,263819,2026-05-10T23:09:08,2026-05-14T00:26:07,2,6,True,multi_day_gap
1/headache/no_rolling_features/tabpfn/version_2-6/80_20/chrono,1,,263832,2026-05-10T23:09:11,2026-05-14T00:26:23,3,5,True,multi_day_gap
1/headache/no_rolling_features/tabpfn/version_2-6/80_20/patient,1,,15,2026-05-22T16:13:15,2026-05-22T16:13:30,1,1,False,
1/headache/no_rolling_features/tabpfn/version_2-6/80_20/stratified,1,,263843,2026-05-10T23:09:14,2026-05-14T00:26:37,4,6,True,multi_day_gap
1/headache/no_rolling_features/tabpfn/version_3-binary/70_15_15/chrono,1,,26513,2026-05-13T17:04:57,2026-05-14T00:26:50,3,4,False,
1/headache/no_rolling_features/tabpfn/version_3-binary/70_15_15/patient,1,,13,2026-05-22T16:13:42,2026-05-22T16:13:55,1,1,False,
1/headache/no_rolling_features/tabpfn/version_3-binary/70_15_15/stratified,1,,26523,2026-05-13T17:05:01,2026-05-14T00:27:04,1,2,False,
1/headache/no_rolling_features/tabpfn/version_3-binary/70_30/chrono,1,,1218308,2026-05-13T17:05:05,2026-05-27T19:30:13,1,5,True,multi_day_gap
1/headache/no_rolling_features/tabpfn/version_3-binary/70_30/patient,1,,445545,2026-05-22T16:13:58,2026-05-27T19:59:43,1,4,True,multi_day_gap
1/headache/no_rolling_features/tabpfn/version_3-binary/70_30/stratified,1,,26542,2026-05-13T17:05:09,2026-05-14T00:27:31,1,2,False,
1/headache/no_rolling_features/tabpfn/version_3-binary/80_20/chrono,1,,26552,2026-05-13T17:05:13,2026-05-14T00:27:45,1,2,False,
1/headache/no_rolling_features/tabpfn/version_3-binary/80_20/patient,1,,14,2026-05-22T16:14:15,2026-05-22T16:14:29,1,1,False,
1/headache/no_rolling_features/tabpfn/version_3-binary/80_20/stratified,1,,103024,2026-05-12T19:50:55,2026-05-14T00:27:59,2,2,True,multi_day_gap
1/headache/no_rolling_features/tabpfn/version_3-default/70_15_15/chrono,1,,26571,2026-05-13T17:05:21,2026-05-14T00:28:12,3,4,False,
1/headache/no_rolling_features/tabpfn/version_3-default/70_15_15/patient,1,,13,2026-05-22T16:14:32,2026-05-22T16:14:45,1,1,False,
1/headache/no_rolling_features/tabpfn/version_3-default/70_15_15/stratified,1,,26580,2026-05-13T17:05:25,2026-05-14T00:28:25,1,2,False,
1/headache/no_rolling_features/tabpfn/version_3-default/70_30/chrono,1,,26589,2026-05-13T17:05:29,2026-05-14T00:28:38,1,2,False,
1/headache/no_rolling_features/tabpfn/version_3-default/70_30/patient,1,,15,2026-05-22T16:14:48,2026-05-22T16:15:03,1,1,False,
1/headache/no_rolling_features/tabpfn/version_3-default/70_30/stratified,1,,26599,2026-05-13T17:05:33,2026-05-14T00:28:52,1,2,False,
1/headache/no_rolling_features/tabpfn/version_3-default/80_20/chrono,1,,26609,2026-05-13T17:05:37,2026-05-14T00:29:06,1,2,False,
1/headache/no_rolling_features/tabpfn/version_3-default/80_20/patient,1,,15,2026-05-22T16:15:05,2026-05-22T16:15:20,1,1,False,
1/headache/no_rolling_features/tabpfn/version_3-default/80_20/stratified,1,,104616,2026-05-12T19:25:43,2026-05-14T00:29:19,2,3,True,multi_day_gap
1/migraine/full_features/tabpfn/version_2-5-auto/70_15_15/stratified,1,1079.36,1456098,2026-05-11T00:14:38,2026-05-27T20:42:56,4,7,True,autogluon-precise;multi_day_gap
1/migraine/full_features/tabpfn/version_2-5-auto/70_30/chrono,1,1471.89,1560494,2026-05-11T00:25:20,2026-05-29T01:53:34,2,4,True,autogluon-precise;multi_day_gap
1/migraine/full_features/tabpfn/version_2-5-finetuned/70_15_15/chrono,1,,258650,2026-05-11T00:39:50,2026-05-14T00:30:40,9,7,True,multi_day_gap
1/migraine/full_features/tabpfn/version_2-5-finetuned/70_15_15/patient,1,,722,2026-05-22T16:15:23,2026-05-22T16:27:25,1,1,False,
1/migraine/full_features/tabpfn/version_2-5-finetuned/70_15_15/stratified,1,,1453589,2026-05-11T00:43:51,2026-05-27T20:30:20,3,6,True,multi_day_gap
1/migraine/full_features/tabpfn/version_2-5-finetuned/70_30/chrono,1,,1452326,2026-05-11T00:47:04,2026-05-27T20:12:30,2,6,True,multi_day_gap
1/migraine/full_features/tabpfn/version_2-5-finetuned/70_30/patient,1,,7737,2026-05-22T16:27:28,2026-05-22T18:36:25,1,1,False,
1/migraine/full_features/tabpfn/version_2-5-finetuned/70_30/stratified,1,,1014341,2026-05-11T00:51:05,2026-05-22T18:36:46,2,4,True,multi_day_gap
1/migraine/full_features/tabpfn/version_2-5-finetuned/80_20/chrono,1,,1014143,2026-05-11T00:54:44,2026-05-22T18:37:07,2,4,True,multi_day_gap
1/migraine/full_features/tabpfn/version_2-5-finetuned/80_20/patient,1,,7076,2026-05-22T16:39:33,2026-05-22T18:37:29,1,1,False,
1/migraine/full_features/tabpfn/version_2-5-finetuned/80_20/stratified,1,,1013891,2026-05-11T00:59:42,2026-05-22T18:37:53,2,3,True,multi_day_gap
1/migraine/full_features/tabpfn/version_2-5-real/70_15_15/chrono,1,,260310,2026-05-11T00:14:03,2026-05-14T00:32:33,6,7,True,multi_day_gap
1/migraine/full_features/tabpfn/version_2-5-real/70_15_15/patient,1,,17,2026-05-22T16:54:39,2026-05-22T16:54:56,1,1,False,
1/migraine/full_features/tabpfn/version_2-5-real/70_15_15/stratified,1,,260324,2026-05-11T00:14:06,2026-05-14T00:32:50,2,3,True,multi_day_gap
1/migraine/full_features/tabpfn/version_2-5-real/70_30/chrono,1,,1034811,2026-05-11T00:14:09,2026-05-22T23:41:00,2,5,True,multi_day_gap
1/migraine/full_features/tabpfn/version_2-5-real/70_30/patient,1,,6216,2026-05-22T16:54:59,2026-05-22T18:38:35,1,1,False,
1/migraine/full_features/tabpfn/version_2-5-real/70_30/stratified,1,,1016683,2026-05-11T00:14:12,2026-05-22T18:38:55,2,3,True,multi_day_gap
1/migraine/full_features/tabpfn/version_2-5-real/80_20/chrono,1,,1016702,2026-05-11T00:14:14,2026-05-22T18:39:16,2,4,True,multi_day_gap
1/migraine/full_features/tabpfn/version_2-5-real/80_20/patient,1,,6257,2026-05-22T16:55:20,2026-05-22T18:39:37,1,1,False,
1/migraine/full_features/tabpfn/version_2-5-real/80_20/stratified,1,,1016740,2026-05-11T00:14:17,2026-05-22T18:39:57,2,4,True,multi_day_gap
1/migraine/full_features/tabpfn/version_2-6/70_15_15/chrono,1,,260403,2026-05-11T00:14:20,2026-05-14T00:34:23,6,13,True,multi_day_gap
1/migraine/full_features/tabpfn/version_2-6/70_15_15/patient,1,,16,2026-05-22T16:55:41,2026-05-22T16:55:57,1,1,False,
1/migraine/full_features/tabpfn/version_2-6/70_15_15/stratified,1,,260416,2026-05-11T00:14:23,2026-05-14T00:34:39,2,6,True,multi_day_gap
1/migraine/full_features/tabpfn/version_2-6/70_30/chrono,1,,1016752,2026-05-11T00:14:26,2026-05-22T18:40:18,2,7,True,multi_day_gap
1/migraine/full_features/tabpfn/version_2-6/70_30/patient,1,,6279,2026-05-22T16:56:00,2026-05-22T18:40:39,1,1,False,
1/migraine/full_features/tabpfn/version_2-6/70_30/stratified,1,,1016790,2026-05-11T00:14:29,2026-05-22T18:40:59,2,7,True,multi_day_gap
1/migraine/full_features/tabpfn/version_2-6/80_20/chrono,1,,1016807,2026-05-11T00:14:32,2026-05-22T18:41:19,2,7,True,multi_day_gap
1/migraine/full_features/tabpfn/version_2-6/80_20/patient,1,,6318,2026-05-22T16:56:21,2026-05-22T18:41:39,1,1,False,
1/migraine/full_features/tabpfn/version_2-6/80_20/stratified,1,,1016844,2026-05-11T00:14:35,2026-05-22T18:41:59,2,7,True,multi_day_gap
1/migraine/full_features/tabpfn/version_3-binary/70_15_15/chrono,1,,47890,2026-05-13T11:17:55,2026-05-14T00:36:05,4,5,True,multi_day_gap
1/migraine/full_features/tabpfn/version_3-binary/70_15_15/patient,1,,447361,2026-05-22T16:56:43,2026-05-27T21:12:44,1,4,True,multi_day_gap
1/migraine/full_features/tabpfn/version_3-binary/70_15_15/stratified,1,,17320,2026-05-13T19:47:39,2026-05-14T00:36:19,1,2,False,
1/migraine/full_features/tabpfn/version_3-binary/70_30/chrono,1,,773672,2026-05-13T19:47:43,2026-05-22T18:42:15,1,3,True,multi_day_gap
1/migraine/full_features/tabpfn/version_3-binary/70_30/patient,1,,6331,2026-05-22T16:57:00,2026-05-22T18:42:31,1,1,False,
1/migraine/full_features/tabpfn/version_3-binary/70_30/stratified,1,,773700,2026-05-13T19:47:47,2026-05-22T18:42:47,1,3,True,multi_day_gap
1/migraine/full_features/tabpfn/version_3-binary/80_20/chrono,1,,773713,2026-05-13T19:47:51,2026-05-22T18:43:04,1,3,True,multi_day_gap
1/migraine/full_features/tabpfn/version_3-binary/80_20/patient,1,,6358,2026-05-22T16:57:21,2026-05-22T18:43:19,1,1,False,
1/migraine/full_features/tabpfn/version_3-binary/80_20/stratified,1,,773741,2026-05-13T19:47:55,2026-05-22T18:43:36,1,3,True,multi_day_gap
1/migraine/full_features/tabpfn/version_3-default/70_15_15/chrono,1,,47982,2026-05-13T11:17:51,2026-05-14T00:37:33,4,5,True,multi_day_gap
1/migraine/full_features/tabpfn/version_3-default/70_15_15/patient,1,,15,2026-05-22T16:57:43,2026-05-22T16:57:58,1,1,False,
1/migraine/full_features/tabpfn/version_3-default/70_15_15/stratified,1,,17384,2026-05-13T19:48:03,2026-05-14T00:37:47,1,2,False,
1/migraine/full_features/tabpfn/version_3-default/70_30/chrono,1,,773746,2026-05-13T19:48:07,2026-05-22T18:43:53,1,3,True,multi_day_gap
1/migraine/full_features/tabpfn/version_3-default/70_30/patient,1,,6372,2026-05-22T16:58:00,2026-05-22T18:44:12,1,1,False,
1/migraine/full_features/tabpfn/version_3-default/70_30/stratified,1,,773782,2026-05-13T19:48:11,2026-05-22T18:44:33,1,3,True,multi_day_gap
1/migraine/full_features/tabpfn/version_3-default/80_20/chrono,1,,773795,2026-05-13T19:48:15,2026-05-22T18:44:50,1,3,True,multi_day_gap
1/migraine/full_features/tabpfn/version_3-default/80_20/patient,1,,6404,2026-05-22T16:58:22,2026-05-22T18:45:06,1,1,False,
1/migraine/full_features/tabpfn/version_3-default/80_20/stratified,1,,773823,2026-05-13T19:48:19,2026-05-22T18:45:22,1,3,True,multi_day_gap
1/migraine/no_rolling_features/tabpfn/version_2-5-finetuned/70_15_15/chrono,1,,257803,2026-05-11T01:02:18,2026-05-14T00:39:01,9,5,True,multi_day_gap
1/migraine/no_rolling_features/tabpfn/version_2-5-finetuned/70_15_15/patient,1,,414,2026-05-22T16:58:43,2026-05-22T17:05:37,1,1,False,
1/migraine/no_rolling_features/tabpfn/version_2-5-finetuned/70_15_15/stratified,1,,257611,2026-05-11T01:05:46,2026-05-14T00:39:17,2,2,True,multi_day_gap
1/migraine/no_rolling_features/tabpfn/version_2-5-finetuned/70_30/chrono,1,,257474,2026-05-11T01:08:18,2026-05-14T00:39:32,3,3,True,multi_day_gap
1/migraine/no_rolling_features/tabpfn/version_2-5-finetuned/70_30/patient,1,,415,2026-05-22T17:05:40,2026-05-22T17:12:35,1,1,False,
1/migraine/no_rolling_features/tabpfn/version_2-5-finetuned/70_30/stratified,1,,1456315,2026-05-11T01:11:47,2026-05-27T21:43:42,2,6,True,multi_day_gap
1/migraine/no_rolling_features/tabpfn/version_2-5-finetuned/80_20/chrono,1,,257176,2026-05-11T01:13:47,2026-05-14T00:40:03,2,2,True,multi_day_gap
1/migraine/no_rolling_features/tabpfn/version_2-5-finetuned/80_20/patient,1,,462,2026-05-22T17:12:38,2026-05-22T17:20:20,1,1,False,
1/migraine/no_rolling_features/tabpfn/version_2-5-finetuned/80_20/stratified,1,,256998,2026-05-11T01:17:00,2026-05-14T00:40:18,2,3,True,multi_day_gap
1/migraine/no_rolling_features/tabpfn/version_2-5-real/70_15_15/chrono,1,,1455852,2026-05-11T01:01:44,2026-05-27T21:25:56,5,10,True,multi_day_gap
1/migraine/no_rolling_features/tabpfn/version_2-5-real/70_15_15/patient,1,,15,2026-05-22T17:20:23,2026-05-22T17:20:38,1,1,False,
1/migraine/no_rolling_features/tabpfn/version_2-5-real/70_15_15/stratified,1,,257942,2026-05-11T01:01:47,2026-05-14T00:40:49,2,3,True,multi_day_gap
1/migraine/no_rolling_features/tabpfn/version_2-5-real/70_30/chrono,1,,257955,2026-05-11T01:01:49,2026-05-14T00:41:04,2,2,True,multi_day_gap
1/migraine/no_rolling_features/tabpfn/version_2-5-real/70_30/patient,1,,15,2026-05-22T17:20:41,2026-05-22T17:20:56,1,1,False,
1/migraine/no_rolling_features/tabpfn/version_2-5-real/70_30/stratified,1,,257968,2026-05-11T01:01:52,2026-05-14T00:41:20,2,3,True,multi_day_gap
1/migraine/no_rolling_features/tabpfn/version_2-5-real/80_20/chrono,1,,257980,2026-05-11T01:01:55,2026-05-14T00:41:35,2,2,True,multi_day_gap
1/migraine/no_rolling_features/tabpfn/version_2-5-real/80_20/patient,1,,16,2026-05-22T17:20:59,2026-05-22T17:21:15,1,1,False,
1/migraine/no_rolling_features/tabpfn/version_2-5-real/80_20/stratified,1,,257992,2026-05-11T01:01:58,2026-05-14T00:41:50,2,3,True,multi_day_gap
1/migraine/no_rolling_features/tabpfn/version_2-6/70_15_15/chrono,1,,258004,2026-05-11T01:02:01,2026-05-14T00:42:05,6,12,True,multi_day_gap
1/migraine/no_rolling_features/tabpfn/version_2-6/70_15_15/patient,1,,15,2026-05-22T17:21:18,2026-05-22T17:21:33,1,1,False,
1/migraine/no_rolling_features/tabpfn/version_2-6/70_15_15/stratified,1,,258017,2026-05-11T01:02:03,2026-05-14T00:42:20,2,6,True,multi_day_gap
1/migraine/no_rolling_features/tabpfn/version_2-6/70_30/chrono,1,,258030,2026-05-11T01:02:06,2026-05-14T00:42:36,2,5,True,multi_day_gap
1/migraine/no_rolling_features/tabpfn/version_2-6/70_30/patient,1,,15,2026-05-22T17:21:35,2026-05-22T17:21:50,1,1,False,
1/migraine/no_rolling_features/tabpfn/version_2-6/70_30/stratified,1,,258041,2026-05-11T01:02:09,2026-05-14T00:42:50,2,6,True,multi_day_gap
1/migraine/no_rolling_features/tabpfn/version_2-6/80_20/chrono,1,,258054,2026-05-11T01:02:12,2026-05-14T00:43:06,2,6,True,multi_day_gap
1/migraine/no_rolling_features/tabpfn/version_2-6/80_20/patient,1,,17,2026-05-22T17:21:52,2026-05-22T17:22:09,1,1,False,
1/migraine/no_rolling_features/tabpfn/version_2-6/80_20/stratified,1,,258065,2026-05-11T01:02:15,2026-05-14T00:43:20,2,6,True,multi_day_gap
1/migraine/no_rolling_features/tabpfn/version_3-binary/70_15_15/chrono,1,,15248,2026-05-13T20:29:26,2026-05-14T00:43:34,3,4,False,
1/migraine/no_rolling_features/tabpfn/version_3-binary/70_15_15/patient,1,,14,2026-05-22T17:22:11,2026-05-22T17:22:25,1,1,False,
1/migraine/no_rolling_features/tabpfn/version_3-binary/70_15_15/stratified,1,,15258,2026-05-13T20:29:30,2026-05-14T00:43:48,1,2,False,
1/migraine/no_rolling_features/tabpfn/version_3-binary/70_30/chrono,1,,15268,2026-05-13T20:29:34,2026-05-14T00:44:02,1,2,False,
1/migraine/no_rolling_features/tabpfn/version_3-binary/70_30/patient,1,,449501,2026-05-22T17:22:28,2026-05-27T22:14:09,1,7,True,multi_day_gap
1/migraine/no_rolling_features/tabpfn/version_3-binary/70_30/stratified,1,,15279,2026-05-13T20:29:38,2026-05-14T00:44:17,1,2,False,
1/migraine/no_rolling_features/tabpfn/version_3-binary/80_20/chrono,1,,15291,2026-05-13T20:29:42,2026-05-14T00:44:33,1,2,False,
1/migraine/no_rolling_features/tabpfn/version_3-binary/80_20/patient,1,,15,2026-05-22T17:22:46,2026-05-22T17:23:01,1,1,False,
1/migraine/no_rolling_features/tabpfn/version_3-binary/80_20/stratified,1,,15300,2026-05-13T20:29:46,2026-05-14T00:44:46,1,2,False,
1/migraine/no_rolling_features/tabpfn/version_3-default/70_15_15/chrono,1,,15310,2026-05-13T20:29:50,2026-05-14T00:45:00,3,4,False,
1/migraine/no_rolling_features/tabpfn/version_3-default/70_15_15/patient,1,,14,2026-05-22T17:23:04,2026-05-22T17:23:18,1,1,False,
1/migraine/no_rolling_features/tabpfn/version_3-default/70_15_15/stratified,1,,15320,2026-05-13T20:29:54,2026-05-14T00:45:14,1,2,False,
1/migraine/no_rolling_features/tabpfn/version_3-default/70_30/chrono,1,,15331,2026-05-13T20:29:58,2026-05-14T00:45:29,1,2,False,
1/migraine/no_rolling_features/tabpfn/version_3-default/70_30/patient,1,,15,2026-05-22T17:23:20,2026-05-22T17:23:35,1,1,False,
1/migraine/no_rolling_features/tabpfn/version_3-default/70_30/stratified,1,,15341,2026-05-13T20:30:02,2026-05-14T00:45:43,1,2,False,
1/migraine/no_rolling_features/tabpfn/version_3-default/80_20/chrono,1,,15351,2026-05-13T20:30:06,2026-05-14T00:45:57,1,2,False,
1/migraine/no_rolling_features/tabpfn/version_3-default/80_20/patient,1,,16,2026-05-22T17:23:37,2026-05-22T17:23:53,1,1,False,
1/migraine/no_rolling_features/tabpfn/version_3-default/80_20/stratified,1,,15360,2026-05-13T20:30:10,2026-05-14T00:46:10,1,2,False,
1/migraine/park_features/tabpfn/version_2-5-finetuned/70_15_15/chrono,1,,15370,2026-05-13T20:30:14,2026-05-14T00:46:24,6,4,False,
1/migraine/park_features/tabpfn/version_2-5-finetuned/70_15_15/patient,1,,192,2026-05-22T17:23:56,2026-05-22T17:27:08,1,1,False,
1/migraine/park_features/tabpfn/version_2-5-finetuned/70_15_15/stratified,1,,15194,2026-05-13T20:33:23,2026-05-14T00:46:37,1,2,False,
1/migraine/park_features/tabpfn/version_2-5-finetuned/70_30/chrono,1,,15040,2026-05-13T20:36:10,2026-05-14T00:46:50,2,2,False,
1/migraine/park_features/tabpfn/version_2-5-finetuned/70_30/patient,1,,194,2026-05-22T17:27:11,2026-05-22T17:30:25,1,1,False,
1/migraine/park_features/tabpfn/version_2-5-finetuned/70_30/stratified,1,,14898,2026-05-13T20:38:47,2026-05-14T00:47:05,2,2,False,
1/migraine/park_features/tabpfn/version_2-5-finetuned/80_20/chrono,1,,14853,2026-05-13T20:39:45,2026-05-14T00:47:18,1,2,False,
1/migraine/park_features/tabpfn/version_2-5-finetuned/80_20/patient,1,,241,2026-05-22T17:30:28,2026-05-22T17:34:29,1,1,False,
1/migraine/park_features/tabpfn/version_2-5-finetuned/80_20/stratified,1,,14590,2026-05-13T20:44:20,2026-05-14T00:47:30,2,2,False,
1/migraine/park_features/tabpfn/version_2-5-real/70_15_15/chrono,1,,14453,2026-05-13T20:46:50,2026-05-14T00:47:43,3,4,False,
1/migraine/park_features/tabpfn/version_2-5-real/70_15_15/patient,1,,13,2026-05-22T17:34:32,2026-05-22T17:34:45,1,1,False,
1/migraine/park_features/tabpfn/version_2-5-real/70_15_15/stratified,1,,14463,2026-05-13T20:46:53,2026-05-14T00:47:56,1,2,False,
1/migraine/park_features/tabpfn/version_2-5-real/70_30/chrono,1,,14473,2026-05-13T20:46:56,2026-05-14T00:48:09,1,2,False,
1/migraine/park_features/tabpfn/version_2-5-real/70_30/patient,1,,14,2026-05-22T17:34:48,2026-05-22T17:35:02,1,1,False,
1/migraine/park_features/tabpfn/version_2-5-real/70_30/stratified,1,,14482,2026-05-13T20:47:00,2026-05-14T00:48:22,1,2,False,
1/migraine/park_features/tabpfn/version_2-5-real/80_20/chrono,1,,14491,2026-05-13T20:47:03,2026-05-14T00:48:34,1,2,False,
1/migraine/park_features/tabpfn/version_2-5-real/80_20/patient,1,,13,2026-05-22T17:35:05,2026-05-22T17:35:18,1,1,False,
1/migraine/park_features/tabpfn/version_2-5-real/80_20/stratified,1,,14501,2026-05-13T20:47:07,2026-05-14T00:48:48,1,2,False,
1/migraine/park_features/tabpfn/version_2-6/70_15_15/chrono,1,,14510,2026-05-13T20:47:10,2026-05-14T00:49:00,3,4,False,
1/migraine/park_features/tabpfn/version_2-6/70_15_15/patient,1,,14,2026-05-22T17:35:20,2026-05-22T17:35:34,1,1,False,
1/migraine/park_features/tabpfn/version_2-6/70_15_15/stratified,1,,14518,2026-05-13T20:47:14,2026-05-14T00:49:12,1,2,False,
1/migraine/park_features/tabpfn/version_2-6/70_30/chrono,1,,14528,2026-05-13T20:47:17,2026-05-14T00:49:25,1,2,False,
1/migraine/park_features/tabpfn/version_2-6/70_30/patient,1,,12,2026-05-22T17:35:37,2026-05-22T17:35:49,1,1,False,
1/migraine/park_features/tabpfn/version_2-6/70_30/stratified,1,,14537,2026-05-13T20:47:21,2026-05-14T00:49:38,1,2,False,
1/migraine/park_features/tabpfn/version_2-6/80_20/chrono,1,,14550,2026-05-13T20:47:24,2026-05-14T00:49:54,1,2,False,
1/migraine/park_features/tabpfn/version_2-6/80_20/patient,1,,12,2026-05-22T17:35:52,2026-05-22T17:36:04,1,1,False,
1/migraine/park_features/tabpfn/version_2-6/80_20/stratified,1,,89084,2026-05-13T00:05:23,2026-05-14T00:50:07,2,3,True,multi_day_gap
1/migraine/park_features/tabpfn/version_3-binary/70_15_15/chrono,1,,14569,2026-05-13T20:47:31,2026-05-14T00:50:20,3,4,False,
1/migraine/park_features/tabpfn/version_3-binary/70_15_15/patient,1,,14,2026-05-22T17:36:07,2026-05-22T17:36:21,1,1,False,
1/migraine/park_features/tabpfn/version_3-binary/70_15_15/stratified,1,,14578,2026-05-13T20:47:35,2026-05-14T00:50:33,1,2,False,
1/migraine/park_features/tabpfn/version_3-binary/70_30/chrono,1,,1215541,2026-05-13T20:47:39,2026-05-27T22:26:40,1,6,True,multi_day_gap
1/migraine/park_features/tabpfn/version_3-binary/70_30/patient,1,,14,2026-05-22T17:36:24,2026-05-22T17:36:38,1,1,False,
1/migraine/park_features/tabpfn/version_3-binary/70_30/stratified,1,,14596,2026-05-13T20:47:43,2026-05-14T00:50:59,1,2,False,
1/migraine/park_features/tabpfn/version_3-binary/80_20/chrono,1,,14606,2026-05-13T20:47:47,2026-05-14T00:51:13,1,2,False,
1/migraine/park_features/tabpfn/version_3-binary/80_20/patient,1,,15,2026-05-22T17:36:41,2026-05-22T17:36:56,1,1,False,
1/migraine/park_features/tabpfn/version_3-binary/80_20/stratified,1,,14616,2026-05-13T20:47:51,2026-05-14T00:51:27,1,2,False,
1/migraine/park_features/tabpfn/version_3-default/70_15_15/chrono,1,,1181200,2026-05-13T20:47:55,2026-05-27T12:54:35,3,8,True,multi_day_gap
1/migraine/park_features/tabpfn/version_3-default/70_15_15/patient,1,,14,2026-05-22T17:36:59,2026-05-22T17:37:13,1,1,False,
1/migraine/park_features/tabpfn/version_3-default/70_15_15/stratified,1,,14634,2026-05-13T20:47:59,2026-05-14T00:51:53,1,2,False,
1/migraine/park_features/tabpfn/version_3-default/70_30/chrono,1,,14643,2026-05-13T20:48:03,2026-05-14T00:52:06,1,2,False,
1/migraine/park_features/tabpfn/version_3-default/70_30/patient,1,,449998,2026-05-22T17:37:16,2026-05-27T22:37:14,1,4,True,multi_day_gap
1/migraine/park_features/tabpfn/version_3-default/70_30/stratified,1,,14652,2026-05-13T20:48:07,2026-05-14T00:52:19,1,2,False,
1/migraine/park_features/tabpfn/version_3-default/80_20/chrono,1,,14661,2026-05-13T20:48:11,2026-05-14T00:52:32,1,2,False,
1/migraine/park_features/tabpfn/version_3-default/80_20/patient,1,,15,2026-05-22T17:37:32,2026-05-22T17:37:47,1,1,False,
1/migraine/park_features/tabpfn/version_3-default/80_20/stratified,1,,1215822,2026-05-13T20:48:15,2026-05-27T22:31:57,1,5,True,multi_day_gap
