x,y,proba,method
-19.38559341430664,16.683719635009766,0.025886226445436478,UMAP
3.483976125717163,-0.7679381370544434,0.026205603033304214,UMAP
3.4689438343048096,-0.7428863048553467,0.026205603033304214,UMAP
-19.41953468322754,16.779525756835938,0.025886226445436478,UMAP
3.4814934730529785,-0.7682819366455078,0.026205603033304214,UMAP
-19.42548942565918,16.753665924072266,0.025886226445436478,UMAP
-19.426828384399414,16.8056697845459,0.025886226445436478,UMAP
-19.48004913330078,16.83086395263672,0.025886226445436478,UMAP
-19.346755981445312,16.675495147705078,0.025886226445436478,UMAP
-19.420717239379883,16.81854248046875,0.025886226445436478,UMAP
-19.35973358154297,16.64842987060547,0.025886226445436478,UMAP
-19.34517478942871,16.755510330200195,0.025886226445436478,UMAP
-19.343305587768555,16.70905303955078,0.025886226445436478,UMAP
-19.36507225036621,16.740449905395508,0.025886226445436478,UMAP
-19.300371170043945,16.848878860473633,0.025886226445436478,UMAP
-19.279579162597656,16.821144104003906,0.025886226445436478,UMAP
3.4804394245147705,-0.7361783981323242,0.026205603033304214,UMAP
3.4886884689331055,-0.7729880809783936,0.026205603033304214,UMAP
-19.425617218017578,16.730213165283203,0.025886226445436478,UMAP
3.5121006965637207,-0.7242907881736755,0.026205603033304214,UMAP
-19.268648147583008,16.688079833984375,0.025886226445436478,UMAP
-19.19270896911621,16.83540916442871,0.025886226445436478,UMAP
-19.086515426635742,16.750568389892578,0.025886226445436478,UMAP
3.480297565460205,-0.7762916684150696,0.026205603033304214,UMAP
-19.214540481567383,16.863941192626953,0.025886226445436478,UMAP
-19.49460220336914,17.044950485229492,0.025886226445436478,UMAP
3.4796643257141113,-0.7445694804191589,0.026205603033304214,UMAP
-11.118770599365234,9.373739242553711,0.043142445385456085,UMAP
-19.24276351928711,17.17005729675293,0.025886226445436478,UMAP
-19.427003860473633,17.118249893188477,0.025886226445436478,UMAP
3.45756459236145,-0.8277084827423096,0.026205603033304214,UMAP
-19.24567985534668,16.992786407470703,0.025886226445436478,UMAP
-19.081016540527344,17.007434844970703,0.025886226445436478,UMAP
3.489084482192993,-0.84050452709198,0.026205603033304214,UMAP
-19.295827865600586,17.13042640686035,0.025886226445436478,UMAP
-19.570560455322266,17.026138305664062,0.025886226445436478,UMAP
3.476041316986084,-0.7672783136367798,0.026205603033304214,UMAP
3.4731557369232178,-0.7420462965965271,0.026205603033304214,UMAP
3.4803647994995117,-0.7666207551956177,0.026205603033304214,UMAP
3.4739322662353516,-0.7442594170570374,0.026205603033304214,UMAP
3.4831793308258057,-0.7412086129188538,0.026205603033304214,UMAP
-5.4851155281066895,4.924346923828125,0.026205603033304214,UMAP
-4.486671447753906,5.537402153015137,0.026205603033304214,UMAP
-19.18437385559082,17.0750789642334,0.025886226445436478,UMAP
-5.458835124969482,6.143867492675781,0.026205603033304214,UMAP
-4.930868625640869,5.212509632110596,0.026205603033304214,UMAP
-5.3944926261901855,4.482316970825195,0.026205603033304214,UMAP
-4.321131229400635,5.057943344116211,0.026205603033304214,UMAP
-4.510577201843262,5.270568370819092,0.026205603033304214,UMAP
-3.0760741233825684,4.697850704193115,0.026205603033304214,UMAP
-3.3222289085388184,4.4342474937438965,0.026205603033304214,UMAP
-5.284987449645996,5.217898368835449,0.026205603033304214,UMAP
-4.112442493438721,6.010494232177734,0.026205603033304214,UMAP
-6.489080429077148,5.77446985244751,0.026205603033304214,UMAP
-4.064453601837158,5.734421253204346,0.026205603033304214,UMAP
-5.354449272155762,5.515793323516846,0.026205603033304214,UMAP
-19.412731170654297,17.152732849121094,0.025886226445436478,UMAP
-6.0680646896362305,6.464254856109619,0.026205603033304214,UMAP
-3.985199213027954,4.829775810241699,0.026205603033304214,UMAP
-19.457080841064453,17.08601188659668,0.025886226445436478,UMAP
-3.600095272064209,4.916497230529785,0.026205603033304214,UMAP
-4.149308681488037,5.4807024002075195,0.026205603033304214,UMAP
-5.932665824890137,5.862955093383789,0.026205603033304214,UMAP
-6.418939113616943,6.829102039337158,0.026205603033304214,UMAP
-4.707211494445801,6.338963985443115,0.026205603033304214,UMAP
-5.272207260131836,6.049684047698975,0.026205603033304214,UMAP
-5.052439212799072,5.620724201202393,0.026205603033304214,UMAP
-6.113211154937744,6.1913909912109375,0.026205603033304214,UMAP
30.466880798339844,7.1082634925842285,0.0424918532371521,UMAP
-3.7972426414489746,5.416054725646973,0.026205603033304214,UMAP
-11.079530715942383,9.41276741027832,0.043142445385456085,UMAP
-11.056695938110352,9.435858726501465,0.043142445385456085,UMAP
-11.175352096557617,9.315409660339355,0.028944024816155434,UMAP
-3.6042771339416504,5.692634105682373,0.026205603033304214,UMAP
-4.84393310546875,5.929675579071045,0.026205603033304214,UMAP
-5.242904186248779,7.551154613494873,0.026205603033304214,UMAP
-19.166152954101562,17.070100784301758,0.025886226445436478,UMAP
30.489500045776367,7.1208271980285645,0.04301104322075844,UMAP
-3.986745595932007,6.4609198570251465,0.026205603033304214,UMAP
-5.54389762878418,6.7137274742126465,0.026205603033304214,UMAP
-5.208994388580322,6.331893444061279,0.026205603033304214,UMAP
-3.8720204830169678,5.861056804656982,0.026205603033304214,UMAP
-11.099008560180664,9.3934907913208,0.043142445385456085,UMAP
-5.533070087432861,5.906404495239258,0.026205603033304214,UMAP
-4.262018203735352,6.171090602874756,0.026205603033304214,UMAP
-3.999079704284668,5.781767845153809,0.026205603033304214,UMAP
-3.23248291015625,5.064664363861084,0.026205603033304214,UMAP
-5.575100898742676,6.868176460266113,0.026205603033304214,UMAP
30.466650009155273,7.106882095336914,0.0424918532371521,UMAP
-4.415019989013672,7.276455879211426,0.026205603033304214,UMAP
-5.233731746673584,6.965944290161133,0.026205603033304214,UMAP
-4.818428039550781,7.14395809173584,0.026205603033304214,UMAP
-2.7824668884277344,5.1472296714782715,0.026205603033304214,UMAP
-4.252335548400879,7.712339401245117,0.026205603033304214,UMAP
-4.234805107116699,6.827788352966309,0.026205603033304214,UMAP
-4.45260763168335,7.124541759490967,0.026205603033304214,UMAP
-19.21886444091797,17.05472755432129,0.025886226445436478,UMAP
-3.173659324645996,5.811086177825928,0.026205603033304214,UMAP
-11.108384132385254,9.384148597717285,0.043142445385456085,UMAP
-11.113338470458984,9.376648902893066,0.043142445385456085,UMAP
-5.676746845245361,7.560698986053467,0.026205603033304214,UMAP
-4.916790962219238,6.8971686363220215,0.026205603033304214,UMAP
-3.9859941005706787,7.960749626159668,0.026205603033304214,UMAP
-4.887428283691406,7.919969081878662,0.026205603033304214,UMAP
-5.105956077575684,7.571413993835449,0.026205603033304214,UMAP
-3.628735303878784,7.769956111907959,0.026205603033304214,UMAP
-3.1554954051971436,6.047739028930664,0.026205603033304214,UMAP
-4.551513195037842,8.353073120117188,0.026205603033304214,UMAP
-19.540815353393555,17.195453643798828,0.025886226445436478,UMAP
-19.44140625,17.044336318969727,0.025886226445436478,UMAP
-2.624964952468872,6.204690933227539,0.026205603033304214,UMAP
-11.084609031677246,9.408013343811035,0.043142445385456085,UMAP
-11.193875312805176,9.295098304748535,0.028944024816155434,UMAP
-4.340948581695557,7.3672003746032715,0.026205603033304214,UMAP
-3.290930986404419,6.408032417297363,0.026205603033304214,UMAP
-19.33941650390625,17.021352767944336,0.025886226445436478,UMAP
-19.372894287109375,16.907306671142578,0.025886226445436478,UMAP
-3.804366111755371,7.425905227661133,0.026205603033304214,UMAP
-3.5780444145202637,6.956809997558594,0.026205603033304214,UMAP
-3.6526036262512207,7.721652984619141,0.026205603033304214,UMAP
-2.1979589462280273,5.412257671356201,0.026205603033304214,UMAP
-2.8530306816101074,5.2474589347839355,0.026205603033304214,UMAP
-3.609941244125366,6.386266231536865,0.026205603033304214,UMAP
-3.6938459873199463,6.444443702697754,0.026205603033304214,UMAP
-3.8551838397979736,6.802659511566162,0.026205603033304214,UMAP
-3.5292482376098633,8.100378036499023,0.026205603033304214,UMAP
-4.674746036529541,8.030426025390625,0.026205603033304214,UMAP
-2.756342887878418,5.372859954833984,0.026205603033304214,UMAP
-2.5536012649536133,5.615830421447754,0.026205603033304214,UMAP
-3.77541184425354,8.378946304321289,0.026205603033304214,UMAP
-3.4295010566711426,8.570352554321289,0.026205603033304214,UMAP
-2.016613483428955,6.061637878417969,0.026205603033304214,UMAP
-3.089679718017578,7.185767650604248,0.026205603033304214,UMAP
-2.8221118450164795,6.642596244812012,0.026205603033304214,UMAP
-3.259495735168457,7.297967433929443,0.026205603033304214,UMAP
-1.6534126996994019,4.664267539978027,0.026205603033304214,UMAP
-2.6379942893981934,7.836457252502441,0.026205603033304214,UMAP
-19.23649024963379,17.113018035888672,0.025886226445436478,UMAP
-2.443664789199829,5.949743747711182,0.026205603033304214,UMAP
-19.3820858001709,17.153059005737305,0.025886226445436478,UMAP
-2.235865831375122,4.935035705566406,0.026205603033304214,UMAP
-2.752317428588867,6.412325859069824,0.026205603033304214,UMAP
-19.32632827758789,17.139867782592773,0.025886226445436478,UMAP
-1.9668281078338623,7.917513847351074,0.026205603033304214,UMAP
-2.9334826469421387,7.678341388702393,0.026205603033304214,UMAP
-1.8081684112548828,5.350193977355957,0.026205603033304214,UMAP
-2.163113594055176,6.564642429351807,0.026205603033304214,UMAP
-2.4609642028808594,6.003596305847168,0.026205603033304214,UMAP
-1.376808762550354,6.232316493988037,0.026205603033304214,UMAP
-2.800966262817383,8.450055122375488,0.026205603033304214,UMAP
-2.6472928524017334,6.8445305824279785,0.026205603033304214,UMAP
-1.688617467880249,6.886773109436035,0.026205603033304214,UMAP
-19.735490798950195,17.1918888092041,0.025886226445436478,UMAP
-2.8709182739257812,8.004035949707031,0.026205603033304214,UMAP
-1.9709683656692505,7.3820624351501465,0.026205603033304214,UMAP
-2.2529375553131104,7.583986759185791,0.026205603033304214,UMAP
-2.199976682662964,7.33290433883667,0.026205603033304214,UMAP
-1.145591139793396,5.4074273109436035,0.026205603033304214,UMAP
-1.8503693342208862,5.699010372161865,0.026205603033304214,UMAP
-1.161133885383606,6.385955333709717,0.026205603033304214,UMAP
-1.4585984945297241,4.836874485015869,0.026205603033304214,UMAP
-1.524061918258667,6.513045787811279,0.026205603033304214,UMAP
-1.3041597604751587,4.476282596588135,0.026205603033304214,UMAP
-2.2743399143218994,7.194949150085449,0.026205603033304214,UMAP
-1.8538832664489746,6.797703742980957,0.026205603033304214,UMAP
-0.7283575534820557,7.228017330169678,0.026205603033304214,UMAP
-1.995678186416626,6.668265342712402,0.026205603033304214,UMAP
-1.8669613599777222,6.350481986999512,0.026205603033304214,UMAP
-1.6466467380523682,7.7436323165893555,0.026205603033304214,UMAP
-1.0389426946640015,7.5142974853515625,0.026205603033304214,UMAP
-1.4726290702819824,6.002118110656738,0.026205603033304214,UMAP
-0.8947121500968933,5.016412258148193,0.026205603033304214,UMAP
-1.1710798740386963,7.364908218383789,0.026205603033304214,UMAP
-0.5947186946868896,5.93041467666626,0.026205603033304214,UMAP
-1.1243312358856201,5.259074687957764,0.026205603033304214,UMAP
-1.074199914932251,4.567972660064697,0.026205603033304214,UMAP
-1.6284159421920776,5.247653961181641,0.026205603033304214,UMAP
-1.2011181116104126,6.647805213928223,0.026205603033304214,UMAP
-0.6721197366714478,5.7900471687316895,0.026205603033304214,UMAP
-0.7699606418609619,7.65238618850708,0.026205603033304214,UMAP
-0.25627636909484863,4.714852809906006,0.026205603033304214,UMAP
-1.1638842821121216,7.766817092895508,0.026205603033304214,UMAP
-0.7426906824111938,4.270336151123047,0.026205603033304214,UMAP
0.17647317051887512,4.4197211265563965,0.026205603033304214,UMAP
0.029245084151625633,5.034483432769775,0.026205603033304214,UMAP
-0.8990520238876343,6.753584384918213,0.026205603033304214,UMAP
-0.5307484865188599,5.593669891357422,0.026205603033304214,UMAP
-0.14856143295764923,5.960651397705078,0.026205603033304214,UMAP
-1.104788064956665,5.77597188949585,0.026205603033304214,UMAP
-0.6508503556251526,6.440483093261719,0.026205603033304214,UMAP
-0.43258634209632874,6.137718677520752,0.026205603033304214,UMAP
-0.15289434790611267,5.860274791717529,0.026205603033304214,UMAP
0.33169400691986084,6.994129657745361,0.026205603033304214,UMAP
-0.7102702260017395,5.175057888031006,0.026205603033304214,UMAP
-0.07819848507642746,7.189661502838135,0.026205603033304214,UMAP
-0.16262124478816986,6.8224921226501465,0.026205603033304214,UMAP
-0.32636183500289917,4.542359352111816,0.026205603033304214,UMAP
1.0198173522949219,6.002870559692383,0.026205603033304214,UMAP
0.200661301612854,5.872329235076904,0.026205603033304214,UMAP
-0.23854972422122955,5.561033248901367,0.026205603033304214,UMAP
0.533951461315155,5.414396286010742,0.026205603033304214,UMAP
-0.36476218700408936,6.7457356452941895,0.026205603033304214,UMAP
1.0037723779678345,5.134641170501709,0.026205603033304214,UMAP
0.4249522089958191,5.930695056915283,0.026205603033304214,UMAP
0.11089669913053513,7.6967244148254395,0.026205603033304214,UMAP
-0.014498826116323471,5.93692684173584,0.026205603033304214,UMAP
1.193504810333252,5.521739959716797,0.026205603033304214,UMAP
0.5827966332435608,5.078123092651367,0.026205603033304214,UMAP
0.25451409816741943,6.611769676208496,0.026205603033304214,UMAP
30.47807502746582,7.099292278289795,0.04301104322075844,UMAP
1.4262293577194214,4.527866363525391,0.026205603033304214,UMAP
0.2638096213340759,4.893678665161133,0.026205603033304214,UMAP
24.62034034729004,14.056933403015137,0.052729178220033646,UMAP
0.124099001288414,3.933708429336548,0.026205603033304214,UMAP
1.1644359827041626,5.321233749389648,0.026205603033304214,UMAP
1.1265500783920288,3.7723944187164307,0.026205603033304214,UMAP
0.5892663598060608,5.20200777053833,0.026205603033304214,UMAP
1.0295193195343018,4.161452770233154,0.026205603033304214,UMAP
0.8119811415672302,4.447275638580322,0.026205603033304214,UMAP
0.6211237907409668,4.143109321594238,0.026205603033304214,UMAP
0.44374385476112366,3.5513195991516113,0.026205603033304214,UMAP
0.3275469243526459,4.450904369354248,0.026205603033304214,UMAP
1.9794420003890991,3.2753822803497314,0.026205603033304214,UMAP
1.441656231880188,5.824860572814941,0.026205603033304214,UMAP
30.473756790161133,7.114754676818848,0.0424918532371521,UMAP
1.4521982669830322,5.1074934005737305,0.026205603033304214,UMAP
1.6809979677200317,3.9463388919830322,0.026205603033304214,UMAP
24.594514846801758,14.030999183654785,0.052729178220033646,UMAP
0.6457553505897522,4.086360454559326,0.026205603033304214,UMAP
1.846816062927246,3.264315366744995,0.026205603033304214,UMAP
1.049189805984497,3.279202699661255,0.026205603033304214,UMAP
1.1841282844543457,2.6128933429718018,0.026205603033304214,UMAP
2.4194118976593018,4.355071067810059,0.026205603033304214,UMAP
2.2365591526031494,4.184797763824463,0.026205603033304214,UMAP
0.6130192875862122,3.1446053981781006,0.026205603033304214,UMAP
0.809750497341156,3.2846157550811768,0.026205603033304214,UMAP
1.3376715183258057,4.284481048583984,0.026205603033304214,UMAP
0.7281742691993713,6.2427897453308105,0.026205603033304214,UMAP
1.7020832300186157,5.080236434936523,0.026205603033304214,UMAP
0.8725035786628723,2.9167301654815674,0.026205603033304214,UMAP
1.606781244277954,3.6508405208587646,0.026205603033304214,UMAP
2.111389398574829,3.9497785568237305,0.026205603033304214,UMAP
1.3455332517623901,3.085045337677002,0.026205603033304214,UMAP
2.320665121078491,3.465222120285034,0.026205603033304214,UMAP
2.108398199081421,2.212982654571533,0.026205603033304214,UMAP
2.4580676555633545,2.700566291809082,0.026205603033304214,UMAP
1.7320547103881836,4.639606475830078,0.026205603033304214,UMAP
1.7459510564804077,1.9241939783096313,0.026205603033304214,UMAP
2.146493673324585,2.300692319869995,0.026205603033304214,UMAP
2.3663322925567627,3.0664479732513428,0.026205603033304214,UMAP
0.8428494930267334,2.0442278385162354,0.026205603033304214,UMAP
2.0035605430603027,2.6457834243774414,0.026205603033304214,UMAP
1.7359561920166016,2.4383575916290283,0.026205603033304214,UMAP
2.0877418518066406,2.7977654933929443,0.026205603033304214,UMAP
1.4254332780838013,2.689840078353882,0.026205603033304214,UMAP
0.963059663772583,2.27936053276062,0.026205603033304214,UMAP
2.054279327392578,1.8898669481277466,0.026205603033304214,UMAP
1.5876421928405762,2.4995861053466797,0.026205603033304214,UMAP
24.623273849487305,14.05986499786377,0.052729178220033646,UMAP
1.3077244758605957,1.7677173614501953,0.026205603033304214,UMAP
1.5513570308685303,1.5030468702316284,0.026205603033304214,UMAP
1.796980619430542,3.1125540733337402,0.026205603033304214,UMAP
2.525240659713745,2.1804184913635254,0.026205603033304214,UMAP
1.5505163669586182,2.526754856109619,0.026205603033304214,UMAP
2.1750829219818115,1.9145036935806274,0.026205603033304214,UMAP
2.6237361431121826,1.9966641664505005,0.026205603033304214,UMAP
1.1755670309066772,2.1002793312072754,0.026205603033304214,UMAP
1.7716015577316284,1.3615267276763916,0.026205603033304214,UMAP
1.6317362785339355,1.7974894046783447,0.026205603033304214,UMAP
1.6400848627090454,0.5871165990829468,0.026205603033304214,UMAP
1.5505857467651367,1.1747533082962036,0.026205603033304214,UMAP
2.0489513874053955,1.531603455543518,0.026205603033304214,UMAP
1.2698291540145874,2.340906858444214,0.026205603033304214,UMAP
1.8217594623565674,1.6503310203552246,0.026205603033304214,UMAP
2.784627676010132,1.3124241828918457,0.026205603033304214,UMAP
2.5321245193481445,1.645229697227478,0.026205603033304214,UMAP
1.322861909866333,1.1445732116699219,0.026205603033304214,UMAP
1.157947063446045,1.3708890676498413,0.026205603033304214,UMAP
2.2242534160614014,1.4043458700180054,0.026205603033304214,UMAP
1.4015125036239624,0.7176443338394165,0.026205603033304214,UMAP
2.1129634380340576,0.9101471900939941,0.026205603033304214,UMAP
2.3798129558563232,1.5287412405014038,0.026205603033304214,UMAP
1.6265860795974731,0.9705647230148315,0.026205603033304214,UMAP
1.4061511754989624,1.2479223012924194,0.026205603033304214,UMAP
1.8393652439117432,1.1153368949890137,0.026205603033304214,UMAP
-19.384906768798828,16.877450942993164,0.025886226445436478,UMAP
1.3957133293151855,-0.4745694696903229,0.026205603033304214,UMAP
2.85021710395813,-1.150594711303711,0.026205603033304214,UMAP
1.5569571256637573,1.0802431106567383,0.026205603033304214,UMAP
1.3005917072296143,0.5957800149917603,0.026205603033304214,UMAP
2.669158458709717,-1.2064197063446045,0.026205603033304214,UMAP
2.5418827533721924,-1.2401608228683472,0.026205603033304214,UMAP
1.3121724128723145,0.5000893473625183,0.026205603033304214,UMAP
2.7076401710510254,-1.207275629043579,0.026205603033304214,UMAP
2.2942488193511963,1.410727858543396,0.026205603033304214,UMAP
1.4196445941925049,1.1690576076507568,0.026205603033304214,UMAP
2.783964157104492,-1.2052936553955078,0.026205603033304214,UMAP
2.542917490005493,-0.9240549802780151,0.026205603033304214,UMAP
1.6866998672485352,-0.7840941548347473,0.026205603033304214,UMAP
1.8675122261047363,1.2912688255310059,0.026205603033304214,UMAP
1.3174068927764893,-0.179470032453537,0.026205603033304214,UMAP
2.7499780654907227,-1.163925290107727,0.026205603033304214,UMAP
-19.601877212524414,17.007261276245117,0.025886226445436478,UMAP
2.648632526397705,-1.3357504606246948,0.026205603033304214,UMAP
1.3413405418395996,-0.44572827219963074,0.026205603033304214,UMAP
2.530907392501831,-1.1233338117599487,0.026205603033304214,UMAP
2.467160940170288,-1.1807457208633423,0.026205603033304214,UMAP
2.7525241374969482,-1.2021198272705078,0.026205603033304214,UMAP
2.8574676513671875,0.6769209504127502,0.026205603033304214,UMAP
2.6614744663238525,-1.1598886251449585,0.026205603033304214,UMAP
2.326202630996704,1.2326428890228271,0.026205603033304214,UMAP
1.7403209209442139,0.8547486662864685,0.026205603033304214,UMAP
2.6685690879821777,-1.1557233333587646,0.026205603033304214,UMAP
1.4739347696304321,-0.700130045413971,0.026205603033304214,UMAP
2.5193979740142822,-1.151361346244812,0.026205603033304214,UMAP
-19.364917755126953,16.957727432250977,0.025886226445436478,UMAP
-19.461925506591797,17.08156394958496,0.025886226445436478,UMAP
2.6310017108917236,-1.1432647705078125,0.026205603033304214,UMAP
2.2995545864105225,-1.173571228981018,0.026205603033304214,UMAP
2.2750766277313232,-1.1638773679733276,0.026205603033304214,UMAP
2.1553666591644287,-1.060471534729004,0.026205603033304214,UMAP
2.572951316833496,-1.2729074954986572,0.026205603033304214,UMAP
1.4755192995071411,0.03772867098450661,0.026205603033304214,UMAP
2.5203278064727783,-1.084830641746521,0.026205603033304214,UMAP
1.6111522912979126,-0.651922345161438,0.026205603033304214,UMAP
2.1000659465789795,-0.8388484716415405,0.026205603033304214,UMAP
1.6143718957901,-0.8310543298721313,0.026205603033304214,UMAP
2.399143934249878,0.8805396556854248,0.026205603033304214,UMAP
1.266502857208252,0.10265569388866425,0.026205603033304214,UMAP
1.4536880254745483,-0.43060097098350525,0.026205603033304214,UMAP
1.5990922451019287,-0.6888797283172607,0.026205603033304214,UMAP
1.3457497358322144,-0.14008906483650208,0.026205603033304214,UMAP
2.438901662826538,-1.1865936517715454,0.026205603033304214,UMAP
2.147754430770874,-1.1467844247817993,0.026205603033304214,UMAP
2.113877058029175,-1.0944398641586304,0.026205603033304214,UMAP
2.408674716949463,-1.1796926259994507,0.026205603033304214,UMAP
2.2271926403045654,0.8486610054969788,0.026205603033304214,UMAP
3.598966360092163,0.9830227494239807,0.026205603033304214,UMAP
1.9288372993469238,-0.7958510518074036,0.026205603033304214,UMAP
1.6187608242034912,0.12328746914863586,0.026205603033304214,UMAP
1.3254826068878174,-0.3442305028438568,0.026205603033304214,UMAP
2.629882335662842,1.1148898601531982,0.026205603033304214,UMAP
1.786144495010376,0.6597393155097961,0.026205603033304214,UMAP
1.4092127084732056,0.3605272173881531,0.026205603033304214,UMAP
3.204648971557617,0.8696635365486145,0.026205603033304214,UMAP
2.225512981414795,-1.1883007287979126,0.026205603033304214,UMAP
1.7389785051345825,0.5129778385162354,0.026205603033304214,UMAP
1.771177887916565,-0.9993526339530945,0.026205603033304214,UMAP
4.084767818450928,0.8675207495689392,0.026205603033304214,UMAP
3.412576198577881,0.8479415774345398,0.026205603033304214,UMAP
4.275603294372559,1.134521722793579,0.026205603033304214,UMAP
2.1321651935577393,-0.9052831530570984,0.026205603033304214,UMAP
1.8780872821807861,0.5983864068984985,0.026205603033304214,UMAP
1.5216172933578491,-0.2547109127044678,0.026205603033304214,UMAP
2.710538864135742,0.8941999077796936,0.026205603033304214,UMAP
2.5193309783935547,0.5402677655220032,0.026205603033304214,UMAP
2.5633063316345215,0.6535884737968445,0.026205603033304214,UMAP
1.5489652156829834,0.2463139295578003,0.026205603033304214,UMAP
3.062047243118286,1.1377395391464233,0.026205603033304214,UMAP
3.792612314224243,0.8252981901168823,0.026205603033304214,UMAP
3.9166600704193115,0.9539092183113098,0.026205603033304214,UMAP
2.8611373901367188,0.41266554594039917,0.026205603033304214,UMAP
1.9797210693359375,0.9797586798667908,0.026205603033304214,UMAP
1.523709774017334,-0.3144221603870392,0.026205603033304214,UMAP
2.128732681274414,-1.1207667589187622,0.026205603033304214,UMAP
2.439297914505005,0.9876011610031128,0.026205603033304214,UMAP
2.845888137817383,0.5603257417678833,0.026205603033304214,UMAP
3.4208285808563232,0.9808880686759949,0.026205603033304214,UMAP
2.3666160106658936,0.7477620840072632,0.026205603033304214,UMAP
2.1008901596069336,0.8088787198066711,0.026205603033304214,UMAP
1.7371577024459839,0.6309275031089783,0.026205603033304214,UMAP
2.0890250205993652,0.8097097277641296,0.026205603033304214,UMAP
2.6696860790252686,0.5701650381088257,0.026205603033304214,UMAP
2.5577354431152344,0.6580690741539001,0.026205603033304214,UMAP
2.78025484085083,0.5660616159439087,0.026205603033304214,UMAP
2.4078967571258545,0.33949512243270874,0.026205603033304214,UMAP
2.5234615802764893,-1.0716139078140259,0.026205603033304214,UMAP
3.5213825702667236,0.94708651304245,0.026205603033304214,UMAP
2.2906556129455566,0.19719402492046356,0.026205603033304214,UMAP
2.8390958309173584,0.7977425456047058,0.026205603033304214,UMAP
2.0271434783935547,0.7832902073860168,0.026205603033304214,UMAP
2.4221086502075195,1.0452617406845093,0.026205603033304214,UMAP
-19.37237548828125,17.0694580078125,0.025886226445436478,UMAP
2.147906541824341,-0.6353761553764343,0.026205603033304214,UMAP
1.667311668395996,0.08344880491495132,0.026205603033304214,UMAP
2.4887406826019287,-0.6077410578727722,0.026205603033304214,UMAP
2.297205924987793,0.8187289834022522,0.026205603033304214,UMAP
1.7757333517074585,-0.19502922892570496,0.026205603033304214,UMAP
2.507053852081299,0.27006202936172485,0.026205603033304214,UMAP
2.3327503204345703,-1.0942959785461426,0.026205603033304214,UMAP
2.1640074253082275,0.055262431502342224,0.026205603033304214,UMAP
2.301532030105591,-1.0396851301193237,0.026205603033304214,UMAP
1.7299399375915527,-0.5596287250518799,0.026205603033304214,UMAP
2.2584054470062256,0.4609447717666626,0.026205603033304214,UMAP
-11.08171558380127,9.411116600036621,0.043142445385456085,UMAP
1.4939671754837036,0.3836166560649872,0.026205603033304214,UMAP
2.01501727104187,-0.3742825984954834,0.026205603033304214,UMAP
2.2644731998443604,0.8431416749954224,0.026205603033304214,UMAP
1.7401657104492188,-0.3189569413661957,0.026205603033304214,UMAP
2.5137836933135986,-0.09856731444597244,0.026205603033304214,UMAP
2.0782155990600586,0.3439233899116516,0.026205603033304214,UMAP
2.0561609268188477,0.12341070175170898,0.026205603033304214,UMAP
-19.632787704467773,17.0823974609375,0.025886226445436478,UMAP
-19.401185989379883,17.01361656188965,0.025886226445436478,UMAP
1.5345869064331055,-0.1874157041311264,0.026205603033304214,UMAP
1.9770270586013794,0.42367270588874817,0.026205603033304214,UMAP
1.8427809476852417,-0.37712720036506653,0.026205603033304214,UMAP
2.0118789672851562,0.14128521084785461,0.026205603033304214,UMAP
1.933129072189331,-0.0454326756298542,0.026205603033304214,UMAP
1.5553019046783447,0.380775511264801,0.026205603033304214,UMAP
2.0080156326293945,0.5783690810203552,0.026205603033304214,UMAP
2.200352191925049,-0.2874513566493988,0.026205603033304214,UMAP
1.9637550115585327,-0.05658229440450668,0.026205603033304214,UMAP
-19.440025329589844,17.238821029663086,0.025886226445436478,UMAP
1.9794471263885498,0.9243128299713135,0.026205603033304214,UMAP
1.642975926399231,0.044997137039899826,0.026205603033304214,UMAP
2.126091241836548,-0.1895422339439392,0.026205603033304214,UMAP
-11.079962730407715,9.413321495056152,0.043142445385456085,UMAP
1.801748275756836,0.2405463010072708,0.026205603033304214,UMAP
1.930611252784729,0.16178220510482788,0.026205603033304214,UMAP
-19.335979461669922,17.129724502563477,0.025886226445436478,UMAP
1.8575167655944824,0.49785116314888,0.026205603033304214,UMAP
-11.169453620910645,9.321441650390625,0.028944024816155434,UMAP
1.602953314781189,-0.1302674263715744,0.026205603033304214,UMAP
-11.122191429138184,9.369028091430664,0.028944024816155434,UMAP
-11.192668914794922,9.298345565795898,0.028944024816155434,UMAP
1.6130642890930176,0.18384292721748352,0.026205603033304214,UMAP
2.0142178535461426,-0.7962774634361267,0.026205603033304214,UMAP
1.7651084661483765,0.09797245264053345,0.026205603033304214,UMAP
1.7814675569534302,0.0440230593085289,0.026205603033304214,UMAP
2.2898409366607666,0.1832747459411621,0.026205603033304214,UMAP
1.9065022468566895,0.43405184149742126,0.026205603033304214,UMAP
1.9249536991119385,-0.16013486683368683,0.026205603033304214,UMAP
2.174787759780884,-0.49415597319602966,0.026205603033304214,UMAP
2.0776731967926025,-0.3612693250179291,0.026205603033304214,UMAP
2.369525194168091,0.21315811574459076,0.026205603033304214,UMAP
1.5656380653381348,-0.232386514544487,0.026205603033304214,UMAP
2.2602977752685547,0.3419865369796753,0.026205603033304214,UMAP
2.204927444458008,-0.048505984246730804,0.026205603033304214,UMAP
2.2326345443725586,0.5806332230567932,0.026205603033304214,UMAP
2.1753532886505127,-0.8293237090110779,0.026205603033304214,UMAP
2.019706964492798,0.4138621687889099,0.026205603033304214,UMAP
1.8813878297805786,0.3358965516090393,0.026205603033304214,UMAP
1.9287235736846924,-0.2236209213733673,0.026205603033304214,UMAP
2.117420196533203,0.36119648814201355,0.026205603033304214,UMAP
2.3590264320373535,0.3409646451473236,0.026205603033304214,UMAP
1.7193925380706787,0.1189093291759491,0.026205603033304214,UMAP
2.3485889434814453,0.17212238907814026,0.026205603033304214,UMAP
1.7897520065307617,0.153525710105896,0.026205603033304214,UMAP
2.137861967086792,-0.08126220107078552,0.026205603033304214,UMAP
2.09299373626709,0.3485622704029083,0.026205603033304214,UMAP
1.9983325004577637,-0.39419618248939514,0.026205603033304214,UMAP
-11.164116859436035,9.327019691467285,0.028944024816155434,UMAP
1.6003719568252563,-0.5819940567016602,0.026205603033304214,UMAP
2.077571153640747,0.27497026324272156,0.026205603033304214,UMAP
1.781996726989746,0.03444385156035423,0.026205603033304214,UMAP
1.8500499725341797,0.1135769784450531,0.026205603033304214,UMAP
1.7510132789611816,0.5412681698799133,0.026205603033304214,UMAP
-11.045156478881836,9.448057174682617,0.043142445385456085,UMAP
2.089684247970581,0.19321809709072113,0.026205603033304214,UMAP
2.0468783378601074,-0.8012622594833374,0.026205603033304214,UMAP
2.1465651988983154,-0.39361292123794556,0.026205603033304214,UMAP
-19.672433853149414,17.141992568969727,0.025886226445436478,UMAP
2.0801687240600586,-0.3040846884250641,0.026205603033304214,UMAP
1.9116170406341553,-0.64009028673172,0.026205603033304214,UMAP
1.9364666938781738,-0.20789621770381927,0.026205603033304214,UMAP
2.238835573196411,-0.12191308289766312,0.026205603033304214,UMAP
2.273240089416504,0.17017559707164764,0.026205603033304214,UMAP
1.8036874532699585,-0.18257993459701538,0.026205603033304214,UMAP
1.8798141479492188,-0.33596327900886536,0.026205603033304214,UMAP
1.9983656406402588,-0.5104590654373169,0.026205603033304214,UMAP
30.428436279296875,7.127374649047852,0.0424918532371521,UMAP
1.9394935369491577,-0.3114827573299408,0.026205603033304214,UMAP
2.033872604370117,-0.7055221199989319,0.026205603033304214,UMAP
-19.6998291015625,17.15298843383789,0.025886226445436478,UMAP
-19.548307418823242,16.743432998657227,0.025886226445436478,UMAP
-19.595233917236328,16.542156219482422,0.025886226445436478,UMAP
24.631752014160156,14.068377494812012,0.052729178220033646,UMAP
1.808804988861084,0.2801320254802704,0.026205603033304214,UMAP
-19.778453826904297,16.87691307067871,0.025886226445436478,UMAP
1.9912275075912476,-0.6301719546318054,0.026205603033304214,UMAP
1.6233670711517334,-0.44142282009124756,0.026205603033304214,UMAP
1.6368881464004517,-0.44106966257095337,0.026205603033304214,UMAP
2.1110477447509766,-0.040282998234033585,0.026205603033304214,UMAP
30.45659828186035,7.103830337524414,0.0424918532371521,UMAP
30.446691513061523,7.099447727203369,0.0424918532371521,UMAP
1.7451465129852295,-0.4532012343406677,0.026205603033304214,UMAP
1.9387391805648804,-0.7301816344261169,0.026205603033304214,UMAP
1.8116538524627686,-0.23405589163303375,0.026205603033304214,UMAP
1.9199119806289673,-0.626054048538208,0.026205603033304214,UMAP
-19.607946395874023,17.096296310424805,0.025886226445436478,UMAP
2.010490894317627,-0.8071465492248535,0.026205603033304214,UMAP
-19.75621223449707,16.743492126464844,0.025886226445436478,UMAP
2.0591180324554443,-0.008791006170213223,0.026205603033304214,UMAP
2.0731847286224365,-0.1614445000886917,0.026205603033304214,UMAP
24.619609832763672,14.052886009216309,0.05539528280496597,UMAP
2.341036081314087,-0.11767199635505676,0.026205603033304214,UMAP
1.9914125204086304,-0.8976820707321167,0.026205603033304214,UMAP
1.9843281507492065,-0.43879789113998413,0.026205603033304214,UMAP
30.43855094909668,7.081731796264648,0.0424918532371521,UMAP
30.406972885131836,7.045869827270508,0.0424918532371521,UMAP
1.7749378681182861,-0.6162579655647278,0.026205603033304214,UMAP
-19.602758407592773,16.897724151611328,0.025886226445436478,UMAP
1.8936325311660767,-0.13341833651065826,0.026205603033304214,UMAP
-19.71034812927246,16.959238052368164,0.025886226445436478,UMAP
2.061882972717285,-0.5158327221870422,0.026205603033304214,UMAP
2.2130680084228516,-0.4651416540145874,0.026205603033304214,UMAP
2.0624964237213135,-0.3807775378227234,0.026205603033304214,UMAP
2.047980308532715,-0.7153785228729248,0.026205603033304214,UMAP
2.224640130996704,-0.233949676156044,0.026205603033304214,UMAP
-19.75212287902832,16.89388084411621,0.025886226445436478,UMAP
30.454376220703125,7.0893707275390625,0.0424918532371521,UMAP
2.2653448581695557,-0.7388083934783936,0.026205603033304214,UMAP
30.459672927856445,7.104101657867432,0.0424918532371521,UMAP
1.9276727437973022,-0.707328736782074,0.026205603033304214,UMAP
2.0971286296844482,-0.5932157039642334,0.026205603033304214,UMAP
2.0165743827819824,-0.832929790019989,0.026205603033304214,UMAP
-19.703922271728516,16.59541130065918,0.025886226445436478,UMAP
-19.450382232666016,16.891111373901367,0.025886226445436478,UMAP
2.232433557510376,-0.10358089953660965,0.026205603033304214,UMAP
2.2600550651550293,-0.11028482019901276,0.026205603033304214,UMAP
2.2270495891571045,-0.7609987258911133,0.026205603033304214,UMAP
-19.6778621673584,16.993803024291992,0.025886226445436478,UMAP
2.2320797443389893,-0.6523435115814209,0.026205603033304214,UMAP
1.958443522453308,-0.2410176545381546,0.026205603033304214,UMAP
1.912662386894226,-0.4970882534980774,0.026205603033304214,UMAP
-19.78727912902832,16.56386947631836,0.025886226445436478,UMAP
1.9416850805282593,-0.5770820379257202,0.026205603033304214,UMAP
2.0877435207366943,-0.18955765664577484,0.026205603033304214,UMAP
2.1776719093322754,-0.6177861094474792,0.026205603033304214,UMAP
2.067452907562256,-0.05915433540940285,0.026205603033304214,UMAP
24.608766555786133,14.045395851135254,0.052729178220033646,UMAP
2.022944688796997,-0.4835088849067688,0.026205603033304214,UMAP
-19.652320861816406,16.79372215270996,0.025886226445436478,UMAP
-19.884723663330078,16.85792350769043,0.025886226445436478,UMAP
2.423276662826538,0.024654923006892204,0.026205603033304214,UMAP
2.4634130001068115,-0.7765483856201172,0.026205603033304214,UMAP
2.0211219787597656,-0.5439735651016235,0.026205603033304214,UMAP
2.357234477996826,-0.20468318462371826,0.026205603033304214,UMAP
2.366342067718506,-0.5779547691345215,0.026205603033304214,UMAP
24.584823608398438,14.021358489990234,0.052729178220033646,UMAP
-19.891761779785156,16.760066986083984,0.025886226445436478,UMAP
2.082979679107666,-0.37026190757751465,0.026205603033304214,UMAP
24.581146240234375,14.013840675354004,0.052729178220033646,UMAP
-19.5026798248291,16.546512603759766,0.025886226445436478,UMAP
2.1520206928253174,-0.851926326751709,0.026205603033304214,UMAP
-19.62032699584961,17.007143020629883,0.025886226445436478,UMAP
2.1121091842651367,-0.7044363617897034,0.026205603033304214,UMAP
2.5189225673675537,-0.5288121104240417,0.026205603033304214,UMAP
24.607234954833984,14.041851997375488,0.05539528280496597,UMAP
30.435043334960938,7.084894180297852,0.0424918532371521,UMAP
2.274240016937256,-0.921257734298706,0.026205603033304214,UMAP
-19.42035675048828,16.803619384765625,0.025886226445436478,UMAP
2.248133897781372,-0.6882433295249939,0.026205603033304214,UMAP
2.1701853275299072,-0.8118635416030884,0.026205603033304214,UMAP
2.245407819747925,-0.44659775495529175,0.026205603033304214,UMAP
2.431891918182373,-0.5167017579078674,0.026205603033304214,UMAP
2.2784128189086914,-0.5046281218528748,0.026205603033304214,UMAP
2.367584228515625,-0.27929720282554626,0.026205603033304214,UMAP
2.0350637435913086,-0.7058539390563965,0.026205603033304214,UMAP
2.314939260482788,-0.2437300831079483,0.026205603033304214,UMAP
2.4183883666992188,-0.02939680777490139,0.026205603033304214,UMAP
-11.037940979003906,9.455232620239258,0.043142445385456085,UMAP
30.445125579833984,7.0849738121032715,0.0424918532371521,UMAP
2.31512451171875,-0.1726861298084259,0.026205603033304214,UMAP
-19.429853439331055,16.949926376342773,0.025886226445436478,UMAP
2.2084572315216064,-0.8307340145111084,0.026205603033304214,UMAP
2.4459729194641113,-0.07068303227424622,0.026205603033304214,UMAP
2.3583292961120605,0.22343038022518158,0.026205603033304214,UMAP
-19.55301284790039,16.576656341552734,0.025886226445436478,UMAP
2.316283941268921,-0.5854281187057495,0.026205603033304214,UMAP
2.2742183208465576,-0.3056364059448242,0.026205603033304214,UMAP
2.386306047439575,-0.700641930103302,0.026205603033304214,UMAP
2.2929184436798096,-0.40528422594070435,0.026205603033304214,UMAP
2.3663716316223145,-0.47971242666244507,0.026205603033304214,UMAP
24.602514266967773,14.042778968811035,0.07070158421993256,UMAP
2.2306058406829834,-0.5296329259872437,0.026205603033304214,UMAP
2.261475086212158,-0.8027600049972534,0.026205603033304214,UMAP
2.2167346477508545,-0.34403157234191895,0.026205603033304214,UMAP
30.420406341552734,7.126227855682373,0.0424918532371521,UMAP
2.1786272525787354,-0.37846457958221436,0.026205603033304214,UMAP
-11.065611839294434,9.42771053314209,0.043142445385456085,UMAP
-11.081196784973145,9.412109375,0.043142445385456085,UMAP
-11.05093765258789,9.442293167114258,0.043142445385456085,UMAP
2.3980438709259033,-0.04908539727330208,0.026205603033304214,UMAP
-11.047805786132812,9.445011138916016,0.043142445385456085,UMAP
2.337350606918335,-0.7192232608795166,0.026205603033304214,UMAP
2.3033080101013184,-0.7579818367958069,0.026205603033304214,UMAP
2.2591612339019775,-0.7056676149368286,0.026205603033304214,UMAP
2.429342031478882,-0.2789861559867859,0.026205603033304214,UMAP
2.552253484725952,-0.7292678952217102,0.026205603033304214,UMAP
-19.718475341796875,16.795560836791992,0.025886226445436478,UMAP
2.3815953731536865,-0.7948033213615417,0.026205603033304214,UMAP
2.3593034744262695,-0.6894620060920715,0.026205603033304214,UMAP
2.3973147869110107,-0.5492479205131531,0.026205603033304214,UMAP
2.1615188121795654,-0.2844526767730713,0.026205603033304214,UMAP
2.247765302658081,-0.8719476461410522,0.026205603033304214,UMAP
2.423895835876465,-0.544122040271759,0.026205603033304214,UMAP
2.55096435546875,-0.7959590554237366,0.026205603033304214,UMAP
2.576829671859741,-0.3496144115924835,0.026205603033304214,UMAP
2.2851145267486572,-0.763166069984436,0.026205603033304214,UMAP
2.307481050491333,-0.6560423970222473,0.026205603033304214,UMAP
2.502162456512451,-0.22012484073638916,0.026205603033304214,UMAP
2.2798192501068115,-0.5842492580413818,0.026205603033304214,UMAP
2.6569314002990723,-0.5058414340019226,0.026205603033304214,UMAP
2.2422678470611572,-0.39159250259399414,0.026205603033304214,UMAP
2.633542776107788,-0.7064011693000793,0.026205603033304214,UMAP
2.517591953277588,-0.6734018921852112,0.026205603033304214,UMAP
2.504842758178711,-0.5665153861045837,0.026205603033304214,UMAP
2.502004861831665,-0.0027853630017489195,0.026205603033304214,UMAP
2.4384498596191406,-0.6851276755332947,0.026205603033304214,UMAP
2.4796714782714844,-0.5632018446922302,0.026205603033304214,UMAP
2.472069501876831,-0.1965438723564148,0.026205603033304214,UMAP
2.5581018924713135,-0.7204562425613403,0.026205603033304214,UMAP
2.542332410812378,-0.3213469982147217,0.026205603033304214,UMAP
2.4626379013061523,-0.7687514424324036,0.026205603033304214,UMAP
2.6146492958068848,-0.7564762830734253,0.026205603033304214,UMAP
2.2876811027526855,-0.24451087415218353,0.026205603033304214,UMAP
2.4975695610046387,-0.3127138614654541,0.026205603033304214,UMAP
2.594508647918701,-0.6004247665405273,0.026205603033304214,UMAP
2.703409194946289,-0.6989511847496033,0.026205603033304214,UMAP
2.5637876987457275,-0.27017447352409363,0.026205603033304214,UMAP
2.6349692344665527,-0.6817626953125,0.026205603033304214,UMAP
2.5494139194488525,-0.12171021848917007,0.026205603033304214,UMAP
2.5290944576263428,-0.38055258989334106,0.026205603033304214,UMAP
2.558267593383789,-0.6135224103927612,0.026205603033304214,UMAP
2.636498212814331,-0.6162620186805725,0.026205603033304214,UMAP
2.6599156856536865,-0.29338398575782776,0.026205603033304214,UMAP
2.622742176055908,-0.20243078470230103,0.026205603033304214,UMAP
2.6915769577026367,-0.7664616107940674,0.026205603033304214,UMAP
2.632021427154541,-0.41081488132476807,0.026205603033304214,UMAP
2.7706685066223145,-0.4221603572368622,0.026205603033304214,UMAP
2.618434190750122,-0.575604259967804,0.026205603033304214,UMAP
2.6717336177825928,-0.3758978843688965,0.026205603033304214,UMAP
2.6978161334991455,-0.2302127331495285,0.026205603033304214,UMAP
2.5976779460906982,-0.30083268880844116,0.026205603033304214,UMAP
2.6847784519195557,-0.5486405491828918,0.026205603033304214,UMAP
2.714521646499634,-0.5960140228271484,0.026205603033304214,UMAP
2.665165662765503,-0.17818456888198853,0.026205603033304214,UMAP
2.687026023864746,-0.009334400296211243,0.026205603033304214,UMAP
2.866835594177246,-0.22999265789985657,0.026205603033304214,UMAP
2.7323074340820312,0.08647135645151138,0.026205603033304214,UMAP
2.8332579135894775,0.06884963065385818,0.026205603033304214,UMAP
2.660109519958496,-0.019616473466157913,0.026205603033304214,UMAP
2.6199636459350586,-0.5017819404602051,0.026205603033304214,UMAP
2.7976772785186768,-0.18580834567546844,0.026205603033304214,UMAP
2.7050118446350098,-0.32511335611343384,0.026205603033304214,UMAP
2.766817092895508,-0.32956716418266296,0.026205603033304214,UMAP
2.8110523223876953,0.029644155874848366,0.026205603033304214,UMAP
2.780789852142334,-0.24447675049304962,0.026205603033304214,UMAP
2.7675516605377197,-0.25107425451278687,0.026205603033304214,UMAP
2.7547643184661865,-0.47948017716407776,0.026205603033304214,UMAP
2.9794325828552246,-0.3025873303413391,0.026205603033304214,UMAP
2.8720591068267822,-0.17764198780059814,0.026205603033304214,UMAP
2.662770986557007,-0.6275463700294495,0.026205603033304214,UMAP
2.7102408409118652,-0.17288388311862946,0.026205603033304214,UMAP
30.438568115234375,7.082181930541992,0.0424918532371521,UMAP
2.909654140472412,0.033054377883672714,0.026205603033304214,UMAP
2.964064836502075,-0.23680143058300018,0.026205603033304214,UMAP
2.9383652210235596,-0.20715732872486115,0.026205603033304214,UMAP
2.917301654815674,-0.013297638855874538,0.026205603033304214,UMAP
2.92474627494812,-0.2081121802330017,0.026205603033304214,UMAP
2.86690092086792,-0.4554630517959595,0.026205603033304214,UMAP
-19.430809020996094,16.49932098388672,0.025886226445436478,UMAP
2.94954252243042,0.1441272646188736,0.026205603033304214,UMAP
2.946042537689209,-0.27895039319992065,0.026205603033304214,UMAP
2.852849245071411,-0.49878445267677307,0.026205603033304214,UMAP
2.997241497039795,0.13936138153076172,0.026205603033304214,UMAP
2.8530361652374268,-0.31752315163612366,0.026205603033304214,UMAP
2.975684404373169,-0.24680759012699127,0.026205603033304214,UMAP
3.0219268798828125,0.04885761812329292,0.026205603033304214,UMAP
2.9250619411468506,-0.4043118357658386,0.026205603033304214,UMAP
3.124037504196167,0.18993119895458221,0.026205603033304214,UMAP
2.9514405727386475,-0.4692809581756592,0.026205603033304214,UMAP
3.163398504257202,0.36736902594566345,0.026205603033304214,UMAP
2.8796889781951904,-0.28110557794570923,0.026205603033304214,UMAP
3.254920244216919,-0.04533000290393829,0.026205603033304214,UMAP
3.013066530227661,0.028263673186302185,0.026205603033304214,UMAP
3.2161693572998047,0.29098477959632874,0.026205603033304214,UMAP
2.985811948776245,-0.38823598623275757,0.026205603033304214,UMAP
3.149043560028076,0.18635113537311554,0.026205603033304214,UMAP
-11.006514549255371,9.486849784851074,0.043142445385456085,UMAP
-11.026590347290039,9.466581344604492,0.043142445385456085,UMAP
-19.63524627685547,16.858243942260742,0.025886226445436478,UMAP
-11.152398109436035,9.338791847229004,0.028944024816155434,UMAP
3.122227907180786,-0.04898534715175629,0.026205603033304214,UMAP
3.7128076553344727,0.46336108446121216,0.026205603033304214,UMAP
3.0520520210266113,-0.23029345273971558,0.026205603033304214,UMAP
3.096283197402954,-0.2773880064487457,0.026205603033304214,UMAP
24.674280166625977,14.110583305358887,0.052729178220033646,UMAP
3.1037416458129883,0.015770846977829933,0.026205603033304214,UMAP
3.2231831550598145,0.265071302652359,0.026205603033304214,UMAP
3.4059455394744873,0.2369183897972107,0.026205603033304214,UMAP
-19.661205291748047,16.910860061645508,0.025886226445436478,UMAP
3.1665802001953125,0.1286555975675583,0.026205603033304214,UMAP
3.3564746379852295,0.1845548450946808,0.026205603033304214,UMAP
3.1034908294677734,-0.17737816274166107,0.026205603033304214,UMAP
3.338233709335327,0.2148718237876892,0.026205603033304214,UMAP
30.45414924621582,7.079832077026367,0.0424918532371521,UMAP
3.075716972351074,-0.31765416264533997,0.026205603033304214,UMAP
3.839104413986206,0.48939916491508484,0.026205603033304214,UMAP
3.529310703277588,-0.06813641637563705,0.026205603033304214,UMAP
3.8226096630096436,0.4488368332386017,0.026205603033304214,UMAP
3.271892786026001,-0.24878306686878204,0.026205603033304214,UMAP
3.58876895904541,0.452423632144928,0.026205603033304214,UMAP
3.2521183490753174,0.1679130345582962,0.026205603033304214,UMAP
3.4218883514404297,0.02469763532280922,0.026205603033304214,UMAP
3.2228598594665527,-0.22641600668430328,0.026205603033304214,UMAP
-19.36121368408203,16.87321662902832,0.025886226445436478,UMAP
3.4532299041748047,0.10737038403749466,0.026205603033304214,UMAP
3.2328693866729736,-0.11884069442749023,0.026205603033304214,UMAP
3.1500966548919678,-0.3231155276298523,0.026205603033304214,UMAP
3.4253740310668945,0.17656905949115753,0.026205603033304214,UMAP
3.363968849182129,0.09223622828722,0.026205603033304214,UMAP
3.268563747406006,0.053126439452171326,0.026205603033304214,UMAP
3.123790979385376,-0.16145628690719604,0.026205603033304214,UMAP
3.371997117996216,0.08349154144525528,0.026205603033304214,UMAP
3.2615091800689697,-0.34164416790008545,0.026205603033304214,UMAP
3.5513603687286377,0.2306147962808609,0.026205603033304214,UMAP
3.4892406463623047,0.08272157609462738,0.026205603033304214,UMAP
3.3413760662078857,-0.1981215626001358,0.026205603033304214,UMAP
3.9656524658203125,0.4424682557582855,0.026205603033304214,UMAP
3.5344440937042236,0.06460022181272507,0.026205603033304214,UMAP
3.2355666160583496,-0.10193061828613281,0.026205603033304214,UMAP
3.478665590286255,0.20804785192012787,0.026205603033304214,UMAP
3.6549253463745117,0.14419962465763092,0.026205603033304214,UMAP
30.358278274536133,7.002744197845459,0.0424918532371521,UMAP
3.55513072013855,-0.011906832456588745,0.026205603033304214,UMAP
3.864441156387329,0.09658420085906982,0.026205603033304214,UMAP
3.463771104812622,0.06154955178499222,0.026205603033304214,UMAP
3.67972993850708,0.16890543699264526,0.026205603033304214,UMAP
3.7780654430389404,0.32891783118247986,0.026205603033304214,UMAP
-19.73140525817871,16.896974563598633,0.025886226445436478,UMAP
3.359549045562744,-0.13939186930656433,0.026205603033304214,UMAP
3.58723783493042,-0.12371436506509781,0.026205603033304214,UMAP
3.7446351051330566,-0.033683422952890396,0.026205603033304214,UMAP
3.370211124420166,-0.14463935792446136,0.026205603033304214,UMAP
3.902452230453491,0.3157559931278229,0.026205603033304214,UMAP
4.03536319732666,0.24813354015350342,0.026205603033304214,UMAP
4.032517910003662,0.3285732865333557,0.026205603033304214,UMAP
3.443084478378296,-0.12419085204601288,0.026205603033304214,UMAP
3.6905226707458496,0.14794938266277313,0.026205603033304214,UMAP
4.4844746589660645,0.5010864734649658,0.026205603033304214,UMAP
4.131629467010498,0.3501090109348297,0.026205603033304214,UMAP
3.7484683990478516,0.06867063045501709,0.026205603033304214,UMAP
4.458381652832031,0.17975516617298126,0.026205603033304214,UMAP
3.9638521671295166,0.18635594844818115,0.026205603033304214,UMAP
3.9754505157470703,0.10062574595212936,0.026205603033304214,UMAP
3.5290367603302,-0.13802267611026764,0.026205603033304214,UMAP
3.6598072052001953,0.04192287474870682,0.026205603033304214,UMAP
4.351145267486572,0.16346772015094757,0.026205603033304214,UMAP
4.261553764343262,0.21763384342193604,0.026205603033304214,UMAP
3.7646241188049316,-0.04189147427678108,0.026205603033304214,UMAP
3.5403833389282227,-0.21851114928722382,0.026205603033304214,UMAP
4.009078025817871,0.3156954050064087,0.026205603033304214,UMAP
3.9780075550079346,0.08111061155796051,0.026205603033304214,UMAP
4.975922107696533,0.18557332456111908,0.026205603033304214,UMAP
4.1594390869140625,0.13867978751659393,0.026205603033304214,UMAP
4.980800628662109,0.04803689941763878,0.026205603033304214,UMAP
3.721407651901245,-0.21384161710739136,0.026205603033304214,UMAP
4.953755855560303,0.0807875245809555,0.026205603033304214,UMAP
4.310097694396973,0.22837960720062256,0.026205603033304214,UMAP
4.3706231117248535,0.05940164625644684,0.026205603033304214,UMAP
3.75994873046875,-0.12585756182670593,0.026205603033304214,UMAP
3.8789331912994385,0.010497626848518848,0.026205603033304214,UMAP
4.011002540588379,-0.08251269906759262,0.026205603033304214,UMAP
3.9552652835845947,-0.05537718906998634,0.026205603033304214,UMAP
4.081877708435059,-0.06703649461269379,0.026205603033304214,UMAP
3.977330446243286,0.05276494845747948,0.026205603033304214,UMAP
4.3121256828308105,0.1808716207742691,0.026205603033304214,UMAP
3.7746376991271973,-0.038753997534513474,0.026205603033304214,UMAP
4.390926361083984,-0.06552810221910477,0.026205603033304214,UMAP
4.096745491027832,-0.09068594872951508,0.026205603033304214,UMAP
4.227266311645508,-0.10832320153713226,0.026205603033304214,UMAP
4.144984722137451,-0.178887277841568,0.026205603033304214,UMAP
4.682335376739502,-0.049928706139326096,0.026205603033304214,UMAP
4.163577556610107,-0.08903362601995468,0.026205603033304214,UMAP
4.749257564544678,-0.05922466516494751,0.026205603033304214,UMAP
4.386612892150879,-0.0029954637866467237,0.026205603033304214,UMAP
4.702731132507324,-0.06812680512666702,0.026205603033304214,UMAP
4.0662007331848145,-0.06511365622282028,0.026205603033304214,UMAP
4.551231384277344,0.07778694480657578,0.026205603033304214,UMAP
4.586648464202881,-0.09112245589494705,0.026205603033304214,UMAP
4.15858268737793,-0.1316412091255188,0.026205603033304214,UMAP
4.444663047790527,0.021158872172236443,0.026205603033304214,UMAP
4.7528181076049805,-0.05983743816614151,0.026205603033304214,UMAP
4.516244888305664,-0.16771793365478516,0.026205603033304214,UMAP
3.6672065258026123,-0.2588396966457367,0.026205603033304214,UMAP
3.950950860977173,-0.27042725682258606,0.026205603033304214,UMAP
4.6812310218811035,-0.0674101933836937,0.026205603033304214,UMAP
3.905280590057373,-0.2184334248304367,0.026205603033304214,UMAP
3.7492754459381104,-0.20706544816493988,0.026205603033304214,UMAP
4.437043190002441,0.031387317925691605,0.026205603033304214,UMAP
3.914045572280884,-0.2941667437553406,0.026205603033304214,UMAP
4.69318151473999,-0.09702986478805542,0.026205603033304214,UMAP
3.9878838062286377,-0.36932459473609924,0.026205603033304214,UMAP
4.576236724853516,-0.20429788529872894,0.026205603033304214,UMAP
4.715734481811523,-0.5212985873222351,0.026205603033304214,UMAP
4.857565402984619,-0.460674911737442,0.026205603033304214,UMAP
4.022185802459717,-0.26145023107528687,0.026205603033304214,UMAP
4.502630233764648,-0.11899641901254654,0.026205603033304214,UMAP
4.581377029418945,-0.285933256149292,0.026205603033304214,UMAP
4.735607624053955,-0.24542486667633057,0.026205603033304214,UMAP
4.3534064292907715,-0.29194557666778564,0.026205603033304214,UMAP
4.083752632141113,-0.15805286169052124,0.026205603033304214,UMAP
5.033588409423828,-0.7936859130859375,0.026205603033304214,UMAP
4.191638469696045,-0.39026138186454773,0.026205603033304214,UMAP
4.131815433502197,-0.2655620872974396,0.026205603033304214,UMAP
4.736725807189941,-0.6431036591529846,0.026205603033304214,UMAP
4.07704496383667,-0.32618215680122375,0.026205603033304214,UMAP
4.109069347381592,-0.22755014896392822,0.026205603033304214,UMAP
4.20923376083374,-0.33846932649612427,0.026205603033304214,UMAP
3.943471670150757,-0.324876606464386,0.026205603033304214,UMAP
4.907538890838623,-0.39039912819862366,0.026205603033304214,UMAP
4.6152238845825195,-0.3528355658054352,0.026205603033304214,UMAP
4.843578338623047,-0.5230120420455933,0.026205603033304214,UMAP
4.887238502502441,-0.531666100025177,0.026205603033304214,UMAP
4.442061901092529,-0.3603522777557373,0.026205603033304214,UMAP
4.232677936553955,-0.3260131776332855,0.026205603033304214,UMAP
4.494662284851074,-0.39790108799934387,0.026205603033304214,UMAP
4.542714595794678,-0.3484164774417877,0.026205603033304214,UMAP
4.355871677398682,-0.42973583936691284,0.026205603033304214,UMAP
24.599733352661133,14.036099433898926,0.052729178220033646,UMAP
-19.767223358154297,16.748476028442383,0.025886226445436478,UMAP
-19.688520431518555,16.633298873901367,0.025886226445436478,UMAP
4.122681140899658,-1.736025094985962,0.026205603033304214,UMAP
-19.57935905456543,16.66305160522461,0.025886226445436478,UMAP
4.968052387237549,-1.016578197479248,0.026205603033304214,UMAP
-19.65093421936035,16.948610305786133,0.025886226445436478,UMAP
4.7116241455078125,-0.5710304379463196,0.026205603033304214,UMAP
-19.6853084564209,16.493793487548828,0.025886226445436478,UMAP
4.50022554397583,-0.6475463509559631,0.026205603033304214,UMAP
4.293174743652344,-0.4085231125354767,0.026205603033304214,UMAP
4.51202917098999,-0.6035587191581726,0.026205603033304214,UMAP
4.361682891845703,-0.613013744354248,0.026205603033304214,UMAP
-19.74413299560547,16.834285736083984,0.025886226445436478,UMAP
-19.73785972595215,16.473711013793945,0.025886226445436478,UMAP
-19.637670516967773,16.622434616088867,0.025886226445436478,UMAP
4.456722259521484,-0.45142680406570435,0.026205603033304214,UMAP
-19.556188583374023,16.63801383972168,0.025886226445436478,UMAP
-19.454715728759766,16.671030044555664,0.025886226445436478,UMAP
-19.559236526489258,16.429500579833984,0.025886226445436478,UMAP
-19.732683181762695,16.484037399291992,0.025886226445436478,UMAP
4.5847249031066895,-0.4600205719470978,0.026205603033304214,UMAP
-19.63265609741211,16.559242248535156,0.025886226445436478,UMAP
-19.404706954956055,16.407045364379883,0.025886226445436478,UMAP
4.522937774658203,-0.7073780298233032,0.026205603033304214,UMAP
4.5442795753479,-1.597725749015808,0.026205603033304214,UMAP
-19.534719467163086,16.645938873291016,0.025886226445436478,UMAP
-19.495100021362305,16.447757720947266,0.025886226445436478,UMAP
-19.277807235717773,16.768869400024414,0.025886226445436478,UMAP
4.548651695251465,-0.904182493686676,0.026205603033304214,UMAP
4.881940841674805,-0.8000354170799255,0.026205603033304214,UMAP
-19.43185043334961,16.558334350585938,0.025886226445436478,UMAP
-19.31612777709961,16.76410484313965,0.025886226445436478,UMAP
4.482194900512695,-0.5480555891990662,0.026205603033304214,UMAP
-19.51906394958496,16.4873046875,0.025886226445436478,UMAP
4.939286231994629,-1.2922600507736206,0.026205603033304214,UMAP
-19.684032440185547,16.509435653686523,0.025886226445436478,UMAP
4.561069965362549,-0.5389679670333862,0.026205603033304214,UMAP
4.865275859832764,-1.2005912065505981,0.026205603033304214,UMAP
4.453897953033447,-1.4459139108657837,0.026205603033304214,UMAP
-19.07988166809082,16.4332332611084,0.025886226445436478,UMAP
-19.567319869995117,16.826011657714844,0.025886226445436478,UMAP
-19.118988037109375,16.70638656616211,0.025886226445436478,UMAP
-19.291105270385742,16.507137298583984,0.025886226445436478,UMAP
-19.103601455688477,16.502910614013672,0.025886226445436478,UMAP
-19.33962059020996,16.331050872802734,0.025886226445436478,UMAP
-19.69547462463379,16.46599006652832,0.025886226445436478,UMAP
-19.591537475585938,16.46141242980957,0.025886226445436478,UMAP
-19.56634521484375,16.54580307006836,0.025886226445436478,UMAP
-19.43887710571289,16.4549503326416,0.025886226445436478,UMAP
-19.220584869384766,16.571537017822266,0.025886226445436478,UMAP
4.573816299438477,-0.9078733921051025,0.026205603033304214,UMAP
-19.465314865112305,16.47518539428711,0.025886226445436478,UMAP
4.709664344787598,-1.1470786333084106,0.026205603033304214,UMAP
4.731943130493164,-1.0445713996887207,0.026205603033304214,UMAP
5.004232883453369,-0.9312275052070618,0.026205603033304214,UMAP
-19.113094329833984,16.50436782836914,0.025886226445436478,UMAP
4.295362949371338,-1.7018357515335083,0.026205603033304214,UMAP
4.76545524597168,-1.0547224283218384,0.026205603033304214,UMAP
-19.538415908813477,16.875503540039062,0.025886226445436478,UMAP
-19.23307228088379,16.567440032958984,0.025886226445436478,UMAP
-19.285741806030273,16.554771423339844,0.025886226445436478,UMAP
4.188871383666992,-1.0580593347549438,0.026205603033304214,UMAP
-19.4117374420166,16.9871883392334,0.025886226445436478,UMAP
-19.159656524658203,16.556007385253906,0.025886226445436478,UMAP
4.233402252197266,-0.6445264220237732,0.026205603033304214,UMAP
4.733354568481445,-1.0304944515228271,0.026205603033304214,UMAP
4.512030601501465,-0.6176319122314453,0.026205603033304214,UMAP
4.207190036773682,-0.5221695303916931,0.026205603033304214,UMAP
4.456756114959717,-0.7926763296127319,0.026205603033304214,UMAP
4.491559028625488,-1.2864056825637817,0.026205603033304214,UMAP
4.271997451782227,-0.7372595071792603,0.026205603033304214,UMAP
4.377256870269775,-0.7048559784889221,0.026205603033304214,UMAP
4.305775165557861,-1.4698030948638916,0.026205603033304214,UMAP
-19.178415298461914,16.593311309814453,0.025886226445436478,UMAP
4.682332992553711,-0.7224783301353455,0.026205603033304214,UMAP
4.198912620544434,-0.6498876214027405,0.026205603033304214,UMAP
3.5825531482696533,-0.6452529430389404,0.026205603033304214,UMAP
4.528346538543701,-0.9635644555091858,0.026205603033304214,UMAP
4.2601799964904785,-0.9351702332496643,0.026205603033304214,UMAP
3.968451976776123,-1.6995826959609985,0.026205603033304214,UMAP
4.297269344329834,-1.1090165376663208,0.026205603033304214,UMAP
4.601499080657959,-1.4745162725448608,0.026205603033304214,UMAP
3.906791925430298,-1.354492425918579,0.026205603033304214,UMAP
4.198497295379639,-0.9621475338935852,0.026205603033304214,UMAP
4.239378929138184,-1.818001627922058,0.026205603033304214,UMAP
4.461005210876465,-0.8255364298820496,0.026205603033304214,UMAP
4.25981330871582,-1.3193632364273071,0.026205603033304214,UMAP
3.818788766860962,-1.5029734373092651,0.026205603033304214,UMAP
4.258476734161377,-1.4127070903778076,0.026205603033304214,UMAP
4.1105852127075195,-1.379181981086731,0.026205603033304214,UMAP
3.9346442222595215,-1.4096245765686035,0.026205603033304214,UMAP
4.467360019683838,-1.280044674873352,0.026205603033304214,UMAP
4.3059306144714355,-1.3883388042449951,0.026205603033304214,UMAP
4.061145305633545,-1.5095188617706299,0.026205603033304214,UMAP
4.007543563842773,-1.3625373840332031,0.026205603033304214,UMAP
3.9862899780273438,-1.429848551750183,0.026205603033304214,UMAP
3.7102134227752686,-0.8659733533859253,0.026205603033304214,UMAP
4.160412788391113,-0.9421778917312622,0.026205603033304214,UMAP
3.9429187774658203,-0.7846336960792542,0.026205603033304214,UMAP
4.08139705657959,0.33469414710998535,0.026205603033304214,UMAP
3.82560133934021,-1.0122053623199463,0.026205603033304214,UMAP
3.5007364749908447,-1.3949155807495117,0.026205603033304214,UMAP
3.5994768142700195,-1.242044448852539,0.026205603033304214,UMAP
3.567058801651001,-1.4208078384399414,0.026205603033304214,UMAP
3.8355658054351807,-1.3129595518112183,0.026205603033304214,UMAP
4.238465309143066,-1.3387523889541626,0.026205603033304214,UMAP
3.9487059116363525,-1.0443047285079956,0.026205603033304214,UMAP
3.810511827468872,-0.6353245377540588,0.026205603033304214,UMAP
4.195433616638184,-1.2628544569015503,0.026205603033304214,UMAP
3.710456609725952,-0.5898683667182922,0.026205603033304214,UMAP
3.7975523471832275,-0.7045081853866577,0.026205603033304214,UMAP
3.6342811584472656,-0.8248922824859619,0.026205603033304214,UMAP
3.734574794769287,-0.588710367679596,0.026205603033304214,UMAP
3.7121405601501465,-0.9565648436546326,0.026205603033304214,UMAP
-19.1850528717041,16.711599349975586,0.025886226445436478,UMAP
-19.44051742553711,16.441692352294922,0.025886226445436478,UMAP
3.8387625217437744,-0.943630039691925,0.026205603033304214,UMAP
3.5317015647888184,-0.935067355632782,0.026205603033304214,UMAP
3.4560465812683105,-0.878896951675415,0.026205603033304214,UMAP
3.7717976570129395,-0.833146870136261,0.026205603033304214,UMAP
3.572633981704712,-0.8736261129379272,0.026205603033304214,UMAP
3.5467896461486816,-1.4048775434494019,0.026205603033304214,UMAP
3.564633369445801,-0.9785013198852539,0.026205603033304214,UMAP
3.580444574356079,-0.7465561032295227,0.026205603033304214,UMAP
3.5208899974823,-0.7830482721328735,0.026205603033304214,UMAP
3.597419023513794,-0.8066540956497192,0.026205603033304214,UMAP
4.783915042877197,-1.2501085996627808,0.026205603033304214,UMAP
3.7730140686035156,-0.4835587739944458,0.026205603033304214,UMAP
3.75494647026062,-1.3062303066253662,0.026205603033304214,UMAP
3.655534267425537,-0.6468728184700012,0.026205603033304214,UMAP
4.694915294647217,0.3074290454387665,0.026205603033304214,UMAP
4.9282636642456055,0.1227048709988594,0.026205603033304214,UMAP
3.661991834640503,-0.7794303894042969,0.026205603033304214,UMAP
5.281867027282715,-0.907644510269165,0.026205603033304214,UMAP
5.159788131713867,-0.20528441667556763,0.026205603033304214,UMAP
4.975028038024902,-1.2042135000228882,0.026205603033304214,UMAP
3.7764346599578857,-0.6069991588592529,0.026205603033304214,UMAP
5.151711940765381,-0.8403043746948242,0.026205603033304214,UMAP
3.8296878337860107,-0.6822588443756104,0.026205603033304214,UMAP
3.54428768157959,-0.8636391162872314,0.026205603033304214,UMAP
4.077331066131592,-0.7114688754081726,0.026205603033304214,UMAP
3.854649543762207,-0.6535177826881409,0.026205603033304214,UMAP
3.608316659927368,-0.7792566418647766,0.026205603033304214,UMAP
4.789218425750732,-1.4366793632507324,0.026205603033304214,UMAP
4.0098371505737305,-0.43947726488113403,0.026205603033304214,UMAP
3.902552366256714,-0.557488203048706,0.026205603033304214,UMAP
3.831338405609131,-0.817597508430481,0.026205603033304214,UMAP
4.971919059753418,-0.7049005031585693,0.026205603033304214,UMAP
4.995320796966553,-1.3768720626831055,0.026205603033304214,UMAP
4.80731201171875,-0.47761648893356323,0.026205603033304214,UMAP
3.7308526039123535,-0.8741105794906616,0.026205603033304214,UMAP
3.892889976501465,-0.6650832891464233,0.026205603033304214,UMAP
3.7529587745666504,-0.6076968312263489,0.026205603033304214,UMAP
3.9170846939086914,-0.8649038076400757,0.026205603033304214,UMAP
-11.197698593139648,9.29535961151123,0.043142445385456085,UMAP
5.004469871520996,-0.373905211687088,0.026205603033304214,UMAP
4.053562641143799,-0.5522476434707642,0.026205603033304214,UMAP
3.957620143890381,-0.6288559436798096,0.026205603033304214,UMAP
4.249685287475586,-1.4746370315551758,0.026205603033304214,UMAP
5.22944974899292,-1.2512898445129395,0.026205603033304214,UMAP
3.8685073852539062,-0.6818589568138123,0.026205603033304214,UMAP
3.763791799545288,-0.6612979769706726,0.026205603033304214,UMAP
4.971123218536377,-1.0638587474822998,0.026205603033304214,UMAP
-19.360252380371094,16.55845832824707,0.025886226445436478,UMAP
4.597917079925537,-1.3713254928588867,0.026205603033304214,UMAP
3.9153168201446533,-0.5602161884307861,0.026205603033304214,UMAP
4.539934158325195,-0.4684115946292877,0.026205603033304214,UMAP
3.76043701171875,-0.6218515038490295,0.026205603033304214,UMAP
4.967421054840088,-1.432931900024414,0.026205603033304214,UMAP
5.180307388305664,-1.0536442995071411,0.026205603033304214,UMAP
5.389861106872559,-0.6732618808746338,0.026205603033304214,UMAP
5.0109171867370605,-1.259393334388733,0.026205603033304214,UMAP
-19.22759246826172,16.745426177978516,0.025886226445436478,UMAP
3.7253620624542236,-0.5861458778381348,0.026205603033304214,UMAP
4.938598155975342,-0.7894477844238281,0.026205603033304214,UMAP
4.8334197998046875,-1.2472115755081177,0.026205603033304214,UMAP
-19.062660217285156,16.471590042114258,0.025886226445436478,UMAP
4.655817031860352,-1.4251658916473389,0.026205603033304214,UMAP
4.5800886154174805,-1.2871613502502441,0.026205603033304214,UMAP
4.019171714782715,-0.9305134415626526,0.026205603033304214,UMAP
4.4423956871032715,-1.1343389749526978,0.026205603033304214,UMAP
4.911899089813232,-0.7473275065422058,0.026205603033304214,UMAP
4.376989841461182,-0.7917027473449707,0.026205603033304214,UMAP
3.856691598892212,-1.484629511833191,0.026205603033304214,UMAP
4.857219696044922,-1.170291781425476,0.026205603033304214,UMAP
4.488419532775879,-1.0613057613372803,0.026205603033304214,UMAP
4.105624198913574,-0.900550901889801,0.026205603033304214,UMAP
4.563380241394043,-1.1780333518981934,0.026205603033304214,UMAP
4.466302394866943,-1.1355998516082764,0.026205603033304214,UMAP
4.395206928253174,-1.1605901718139648,0.026205603033304214,UMAP
4.32733678817749,-0.839777410030365,0.026205603033304214,UMAP
3.936222791671753,-1.5443857908248901,0.026205603033304214,UMAP
4.408193111419678,-1.5055005550384521,0.026205603033304214,UMAP
4.199752330780029,-0.751510739326477,0.026205603033304214,UMAP
4.584538459777832,-1.1034119129180908,0.026205603033304214,UMAP
4.098209381103516,-0.7638683915138245,0.026205603033304214,UMAP
4.453805923461914,-1.3352309465408325,0.026205603033304214,UMAP
4.252520561218262,-0.950191080570221,0.026205603033304214,UMAP
-18.999847412109375,16.556612014770508,0.025886226445436478,UMAP
4.355703830718994,-0.9817927479743958,0.026205603033304214,UMAP
4.542919158935547,-1.0736467838287354,0.026205603033304214,UMAP
4.379510879516602,-1.0385030508041382,0.026205603033304214,UMAP
4.219132423400879,-1.2385308742523193,0.026205603033304214,UMAP
4.418419361114502,-1.6108863353729248,0.026205603033304214,UMAP
-19.350631713867188,16.806142807006836,0.025886226445436478,UMAP
3.7116892337799072,-1.480958104133606,0.026205603033304214,UMAP
3.9883792400360107,-1.0397483110427856,0.026205603033304214,UMAP
3.7986831665039062,-1.3345859050750732,0.026205603033304214,UMAP
4.16740608215332,-1.6905059814453125,0.026205603033304214,UMAP
4.019904613494873,-1.3644417524337769,0.026205603033304214,UMAP
4.174565315246582,-0.8410706520080566,0.026205603033304214,UMAP
4.099711894989014,-0.931952178478241,0.026205603033304214,UMAP
4.204716205596924,-0.7957510948181152,0.026205603033304214,UMAP
3.8265318870544434,-1.3377854824066162,0.026205603033304214,UMAP
4.1325907707214355,-0.9921154975891113,0.026205603033304214,UMAP
4.036373138427734,-1.1401095390319824,0.026205603033304214,UMAP
3.9788904190063477,-0.9457387924194336,0.026205603033304214,UMAP
4.3277764320373535,-1.1122710704803467,0.026205603033304214,UMAP
4.005762100219727,-1.2333022356033325,0.026205603033304214,UMAP
4.359376430511475,-1.089681625366211,0.026205603033304214,UMAP
3.920839786529541,-1.325782299041748,0.026205603033304214,UMAP
3.9356164932250977,-1.5921493768692017,0.026205603033304214,UMAP
4.160771369934082,-1.0154612064361572,0.026205603033304214,UMAP
-19.186307907104492,16.798927307128906,0.025886226445436478,UMAP
-19.3011474609375,16.672399520874023,0.025886226445436478,UMAP
4.007672309875488,-1.4670889377593994,0.026205603033304214,UMAP
4.153757095336914,-0.9222630262374878,0.026205603033304214,UMAP
4.0803303718566895,-1.018401026725769,0.026205603033304214,UMAP
4.114282608032227,-1.1637734174728394,0.026205603033304214,UMAP
3.6787705421447754,-1.181342601776123,0.026205603033304214,UMAP
3.9554498195648193,-0.8658051490783691,0.026205603033304214,UMAP
4.3837080001831055,-1.0361744165420532,0.026205603033304214,UMAP
4.12168550491333,-1.2516535520553589,0.026205603033304214,UMAP
3.878929853439331,-1.2311334609985352,0.026205603033304214,UMAP
3.9399003982543945,-1.1190816164016724,0.026205603033304214,UMAP
4.131640911102295,-1.0138492584228516,0.026205603033304214,UMAP
4.107551097869873,-1.2017136812210083,0.026205603033304214,UMAP
3.7865302562713623,-1.4313807487487793,0.026205603033304214,UMAP
3.967010736465454,-1.1025193929672241,0.026205603033304214,UMAP
3.8824965953826904,-1.015900731086731,0.026205603033304214,UMAP
3.742439031600952,-1.416131615638733,0.026205603033304214,UMAP
3.4462902545928955,-1.3824806213378906,0.026205603033304214,UMAP
3.7514584064483643,-1.3446398973464966,0.026205603033304214,UMAP
3.8713622093200684,-1.1398800611495972,0.026205603033304214,UMAP
3.809770345687866,-1.1821925640106201,0.026205603033304214,UMAP
3.5583689212799072,-1.1390326023101807,0.026205603033304214,UMAP
3.2841532230377197,-1.413716435432434,0.026205603033304214,UMAP
3.6931211948394775,-1.13108229637146,0.026205603033304214,UMAP
3.845296621322632,-1.208077311515808,0.026205603033304214,UMAP
3.872800588607788,-1.0352932214736938,0.026205603033304214,UMAP
3.350499391555786,-1.2587257623672485,0.026205603033304214,UMAP
3.0664150714874268,-1.3460901975631714,0.026205603033304214,UMAP
3.81406307220459,-1.2653504610061646,0.026205603033304214,UMAP
3.6142566204071045,-1.2764164209365845,0.026205603033304214,UMAP
3.611541748046875,-1.0700801610946655,0.026205603033304214,UMAP
3.0640597343444824,-1.4039744138717651,0.026205603033304214,UMAP
3.4918200969696045,-1.130173921585083,0.026205603033304214,UMAP
3.5295934677124023,-1.2835224866867065,0.026205603033304214,UMAP
3.7069175243377686,-0.979657769203186,0.026205603033304214,UMAP
3.733360767364502,-1.0855029821395874,0.026205603033304214,UMAP
3.827557325363159,-1.1469403505325317,0.026205603033304214,UMAP
1.4497838020324707,-1.1445436477661133,0.026205603033304214,UMAP
3.6676230430603027,-1.054971694946289,0.026205603033304214,UMAP
2.1298792362213135,-1.404869556427002,0.026205603033304214,UMAP
0.9415416121482849,-0.48088330030441284,0.026205603033304214,UMAP
3.514596700668335,-1.077852487564087,0.026205603033304214,UMAP
1.0118225812911987,-0.17115558683872223,0.026205603033304214,UMAP
3.8041629791259766,-1.2159615755081177,0.026205603033304214,UMAP
3.494479179382324,-1.3063968420028687,0.026205603033304214,UMAP
3.545898914337158,-1.1028016805648804,0.026205603033304214,UMAP
3.6545772552490234,-1.2106741666793823,0.026205603033304214,UMAP
0.49128153920173645,-0.1824747920036316,0.026205603033304214,UMAP
0.7547225952148438,-0.1420099437236786,0.026205603033304214,UMAP
3.3717589378356934,-1.1410250663757324,0.026205603033304214,UMAP
0.4549294710159302,-0.3325432538986206,0.026205603033304214,UMAP
3.569824695587158,-1.1400275230407715,0.026205603033304214,UMAP
1.760492205619812,-1.2838598489761353,0.026205603033304214,UMAP
3.5748770236968994,-1.083773136138916,0.026205603033304214,UMAP
3.177358865737915,-1.2511478662490845,0.026205603033304214,UMAP
1.7816612720489502,-1.0167843103408813,0.026205603033304214,UMAP
0.47106701135635376,0.2993961274623871,0.026205603033304214,UMAP
3.2378697395324707,-1.2113066911697388,0.026205603033304214,UMAP
1.1494625806808472,0.18453994393348694,0.026205603033304214,UMAP
3.3838820457458496,-1.172356367111206,0.026205603033304214,UMAP
1.016479730606079,0.09815124422311783,0.026205603033304214,UMAP
3.4724392890930176,-1.0856094360351562,0.026205603033304214,UMAP
1.556288242340088,-1.130003571510315,0.026205603033304214,UMAP
1.0995259284973145,0.39195123314857483,0.026205603033304214,UMAP
-19.201704025268555,16.69414520263672,0.025886226445436478,UMAP
0.6367715001106262,0.19586792588233948,0.026205603033304214,UMAP
1.2540740966796875,-0.5736213326454163,0.026205603033304214,UMAP
3.378859758377075,-1.0799397230148315,0.026205603033304214,UMAP
1.539495587348938,-0.8414411544799805,0.026205603033304214,UMAP
3.148287057876587,-0.8653236031532288,0.026205603033304214,UMAP
0.9236104488372803,0.4208439588546753,0.026205603033304214,UMAP
1.3788180351257324,0.8915224075317383,0.026205603033304214,UMAP
0.7888979911804199,0.744340717792511,0.026205603033304214,UMAP
1.0892184972763062,0.06559563428163528,0.026205603033304214,UMAP
0.6323714852333069,0.6216283440589905,0.026205603033304214,UMAP
-19.444591522216797,16.48628044128418,0.025886226445436478,UMAP
-0.05153676122426987,1.4045591354370117,0.026205603033304214,UMAP
-19.518030166625977,16.6561336517334,0.025886226445436478,UMAP
0.02973915822803974,0.9525759816169739,0.026205603033304214,UMAP
0.4428847134113312,0.541495144367218,0.026205603033304214,UMAP
0.9978229403495789,1.1862187385559082,0.026205603033304214,UMAP
24.63517951965332,14.071563720703125,0.052729178220033646,UMAP
-19.47057342529297,16.796279907226562,0.025886226445436478,UMAP
-19.13138771057129,16.846439361572266,0.025886226445436478,UMAP
24.601503372192383,14.036822319030762,0.052729178220033646,UMAP
1.317622423171997,1.0739251375198364,0.026205603033304214,UMAP
0.616360068321228,2.367907762527466,0.026205603033304214,UMAP
0.9482635259628296,0.8308812379837036,0.026205603033304214,UMAP
-11.029373168945312,9.463750839233398,0.043142445385456085,UMAP
-11.066326141357422,9.426745414733887,0.043142445385456085,UMAP
-0.6053483486175537,1.9858574867248535,0.026205603033304214,UMAP
-11.02977180480957,9.463379859924316,0.043142445385456085,UMAP
0.27102795243263245,1.3363806009292603,0.026205603033304214,UMAP
24.580825805664062,14.017897605895996,0.07185957580804825,UMAP
-19.17938804626465,16.79790687561035,0.025886226445436478,UMAP
-19.15224838256836,16.79167938232422,0.025886226445436478,UMAP
-19.331554412841797,16.571775436401367,0.025886226445436478,UMAP
-19.43398094177246,16.81711769104004,0.025886226445436478,UMAP
-19.17101287841797,16.821857452392578,0.025886226445436478,UMAP
-19.00965118408203,16.84918785095215,0.025886226445436478,UMAP
0.283424973487854,1.6238057613372803,0.026205603033304214,UMAP
-0.3592578172683716,1.2008448839187622,0.026205603033304214,UMAP
-0.002738540293648839,0.4528775215148926,0.026205603033304214,UMAP
30.4937744140625,7.164689064025879,0.04301104322075844,UMAP
-0.4699697494506836,0.6356968879699707,0.026205603033304214,UMAP
-0.8327434659004211,2.393085479736328,0.026205603033304214,UMAP
0.69137042760849,1.741255283355713,0.026205603033304214,UMAP
24.639856338500977,14.076290130615234,0.052729178220033646,UMAP
24.56340217590332,14.00826644897461,0.052729178220033646,UMAP
24.60172462463379,14.038834571838379,0.052729178220033646,UMAP
0.5783987045288086,1.5611306428909302,0.026205603033304214,UMAP
0.2180015593767166,2.718867540359497,0.026205603033304214,UMAP
-0.23515993356704712,1.8662824630737305,0.026205603033304214,UMAP
1.089495062828064,1.443483829498291,0.026205603033304214,UMAP
24.563762664794922,14.00098991394043,0.052729178220033646,UMAP
0.6739302277565002,1.1965277194976807,0.026205603033304214,UMAP
-19.124731063842773,16.73993682861328,0.025886226445436478,UMAP
-0.07846064865589142,2.815335273742676,0.026205603033304214,UMAP
-11.04487133026123,9.448869705200195,0.043142445385456085,UMAP
0.3329485058784485,2.1456053256988525,0.026205603033304214,UMAP
0.3490142822265625,0.9428051710128784,0.026205603033304214,UMAP
0.2557278871536255,1.743565559387207,0.026205603033304214,UMAP
-19.27953338623047,16.866426467895508,0.025886226445436478,UMAP
-0.029995733872056007,0.8551417589187622,0.026205603033304214,UMAP
0.024121467024087906,2.5171616077423096,0.026205603033304214,UMAP
30.496498107910156,7.142698287963867,0.04301104322075844,UMAP
0.9333457350730896,1.9093413352966309,0.026205603033304214,UMAP
-19.315330505371094,16.598857879638672,0.025886226445436478,UMAP
-0.43289828300476074,2.506505012512207,0.026205603033304214,UMAP
-0.8111960291862488,3.5003509521484375,0.026205603033304214,UMAP
-0.25695645809173584,2.974745273590088,0.026205603033304214,UMAP
-0.6389347910881042,3.0049521923065186,0.026205603033304214,UMAP
-19.761266708374023,16.808378219604492,0.025886226445436478,UMAP
-0.38274767994880676,1.388576865196228,0.026205603033304214,UMAP
-19.218441009521484,16.844566345214844,0.025886226445436478,UMAP
-1.6828981637954712,1.425912618637085,0.026205603033304214,UMAP
-1.2872211933135986,2.0043909549713135,0.026205603033304214,UMAP
-19.091434478759766,16.65474510192871,0.025886226445436478,UMAP
30.4287052154541,7.1274590492248535,0.04301104322075844,UMAP
0.10162443667650223,0.5707064867019653,0.026205603033304214,UMAP
-1.3756312131881714,3.862443208694458,0.026205603033304214,UMAP
-19.234102249145508,16.977262496948242,0.025886226445436478,UMAP
-1.1033161878585815,2.629645347595215,0.026205603033304214,UMAP
-0.5253936052322388,2.1295814514160156,0.026205603033304214,UMAP
0.03797502443194389,2.005746364593506,0.026205603033304214,UMAP
-0.8757832050323486,2.830390691757202,0.026205603033304214,UMAP
-0.6740292310714722,0.9551571011543274,0.026205603033304214,UMAP
-19.3889102935791,16.82451820373535,0.025886226445436478,UMAP
-0.029060477390885353,3.0169100761413574,0.026205603033304214,UMAP
-1.0731678009033203,1.2230476140975952,0.026205603033304214,UMAP
-19.42936134338379,16.904420852661133,0.025886226445436478,UMAP
-0.9043393731117249,1.127484679222107,0.026205603033304214,UMAP
-19.496618270874023,16.79096031188965,0.025886226445436478,UMAP
-0.15047696232795715,3.223531723022461,0.026205603033304214,UMAP
-19.19683265686035,16.927919387817383,0.025886226445436478,UMAP
-19.222097396850586,16.965497970581055,0.025886226445436478,UMAP
-19.06768798828125,17.005067825317383,0.025886226445436478,UMAP
-1.1890244483947754,3.2373199462890625,0.026205603033304214,UMAP
-1.524882197380066,3.2724151611328125,0.026205603033304214,UMAP
-1.0525239706039429,1.571511149406433,0.026205603033304214,UMAP
-1.6610965728759766,2.929030656814575,0.026205603033304214,UMAP
-2.1582634449005127,1.6661354303359985,0.026205603033304214,UMAP
-1.5304088592529297,3.582235336303711,0.026205603033304214,UMAP
-0.7130404114723206,1.5350230932235718,0.026205603033304214,UMAP
-1.834425449371338,3.912423610687256,0.026205603033304214,UMAP
-2.0958399772644043,3.6933326721191406,0.026205603033304214,UMAP
-1.1971995830535889,2.2633066177368164,0.026205603033304214,UMAP
-1.3500829935073853,1.7449650764465332,0.026205603033304214,UMAP
-1.7551212310791016,2.989569902420044,0.026205603033304214,UMAP
-2.2768990993499756,3.0093960762023926,0.026205603033304214,UMAP
-1.916937232017517,2.433382987976074,0.026205603033304214,UMAP
-2.084279775619507,2.706540107727051,0.026205603033304214,UMAP
-3.270987033843994,1.9089202880859375,0.026205603033304214,UMAP
-0.973913311958313,2.112748861312866,0.026205603033304214,UMAP
-2.452568292617798,2.0172665119171143,0.026205603033304214,UMAP
-1.691332221031189,1.769680380821228,0.026205603033304214,UMAP
-2.391746759414673,3.3675386905670166,0.026205603033304214,UMAP
24.624479293823242,14.059643745422363,0.05539528280496597,UMAP
-2.634796380996704,3.401348829269409,0.026205603033304214,UMAP
-2.2038466930389404,3.7802696228027344,0.026205603033304214,UMAP
-1.5607779026031494,2.432274103164673,0.026205603033304214,UMAP
-2.4732909202575684,2.6098814010620117,0.026205603033304214,UMAP
-2.005601167678833,2.0666568279266357,0.026205603033304214,UMAP
-2.8899307250976562,3.687439441680908,0.026205603033304214,UMAP
-2.6187174320220947,2.252765655517578,0.026205603033304214,UMAP
-1.8918895721435547,2.20200514793396,0.026205603033304214,UMAP
-2.6223702430725098,3.0654220581054688,0.026205603033304214,UMAP
-3.2182204723358154,3.097973108291626,0.026205603033304214,UMAP
-3.4494569301605225,2.263977527618408,0.026205603033304214,UMAP
-2.582247257232666,1.5183361768722534,0.026205603033304214,UMAP
-2.8332605361938477,2.8471972942352295,0.026205603033304214,UMAP
-3.713383674621582,3.0184485912323,0.026205603033304214,UMAP
-3.0125088691711426,2.324993848800659,0.026205603033304214,UMAP
-4.013581275939941,2.2443747520446777,0.026205603033304214,UMAP
-3.9453234672546387,2.484989643096924,0.026205603033304214,UMAP
-3.2695868015289307,2.8116090297698975,0.026205603033304214,UMAP
-3.578923225402832,3.8581316471099854,0.026205603033304214,UMAP
-4.44551420211792,2.585024356842041,0.026205603033304214,UMAP
-4.6267571449279785,2.654676675796509,0.026205603033304214,UMAP
-4.262566089630127,3.0384016036987305,0.026205603033304214,UMAP
-4.604653835296631,3.2465782165527344,0.026205603033304214,UMAP
-3.455651044845581,2.539276361465454,0.026205603033304214,UMAP
-3.5766210556030273,3.0617222785949707,0.026205603033304214,UMAP
-2.6377620697021484,3.9663658142089844,0.026205603033304214,UMAP
-3.210329532623291,3.989788770675659,0.026205603033304214,UMAP
-3.5633606910705566,4.154782295227051,0.026205603033304214,UMAP
-3.644681692123413,3.6403648853302,0.026205603033304214,UMAP
-3.8828911781311035,2.651705503463745,0.026205603033304214,UMAP
-4.588774681091309,3.6722567081451416,0.026205603033304214,UMAP
-5.556074619293213,3.4025535583496094,0.026205603033304214,UMAP
-3.153672456741333,3.6090919971466064,0.026205603033304214,UMAP
-4.282859802246094,4.159821033477783,0.026205603033304214,UMAP
-5.196160793304443,2.9320805072784424,0.026205603033304214,UMAP
-5.996796131134033,3.7817533016204834,0.026205603033304214,UMAP
-5.84754753112793,3.868267059326172,0.026205603033304214,UMAP
-4.345680236816406,3.7069826126098633,0.026205603033304214,UMAP
-4.830747127532959,3.401069402694702,0.026205603033304214,UMAP
-3.9352006912231445,3.510032892227173,0.026205603033304214,UMAP
-5.170909404754639,3.4307498931884766,0.026205603033304214,UMAP
-5.693935394287109,4.385347366333008,0.026205603033304214,UMAP
-5.024306774139404,4.35573673248291,0.026205603033304214,UMAP
-6.093230724334717,4.993739128112793,0.026205603033304214,UMAP
-4.711604118347168,3.9611220359802246,0.026205603033304214,UMAP
-5.787868022918701,5.8169426918029785,0.026205603033304214,UMAP
-4.265226364135742,4.319465637207031,0.026205603033304214,UMAP
-5.721588611602783,4.206734657287598,0.026205603033304214,UMAP
-3.6667561531066895,4.141807556152344,0.026205603033304214,UMAP
-6.07968282699585,4.424421310424805,0.026205603033304214,UMAP
-6.304135799407959,4.857365131378174,0.026205603033304214,UMAP
-4.645988464355469,4.433221817016602,0.026205603033304214,UMAP
-5.864053726196289,5.3223042488098145,0.026205603033304214,UMAP
-4.690086841583252,4.540379047393799,0.026205603033304214,UMAP
-3.7511379718780518,4.641232490539551,0.026205603033304214,UMAP
-3.9013819694519043,4.604493141174316,0.026205603033304214,UMAP
-5.321181774139404,3.922290563583374,0.026205603033304214,UMAP
-4.933233261108398,4.999014854431152,0.026205603033304214,UMAP
-6.556233882904053,4.649735450744629,0.026205603033304214,UMAP
-6.071396827697754,5.2795281410217285,0.026205603033304214,UMAP
-5.112045764923096,4.746999740600586,0.026205603033304214,UMAP
-6.841403484344482,6.107432842254639,0.026205603033304214,UMAP
